destination_id,name,district,latitude,longitude,category,estimated_cost_lkr,duration_hours,interest_tags,sustainability_score,crowd_score,seasonality_score,sentiment_nature,sentiment_service,sentiment_value,weather_temp_c,weather_rain_risk,weather_suitability,source_provenance,data_status,num_interest_tags
D001,Sigiriya Rock Fortress,matale,7.957,80.7603,heritage;nature,12000,3.0,heritage;history;photography;hiking,57,41,58,0.699,0.774,0.675,25.1,0.484,0.516,Research-seed record: destination name/location from publicly known tourism information; attribute values are derived/estimated for prototype use and must be verified against source records before dissertation submission.,real_destination_synthetic_attributes,1
D002,Dambulla Cave Temple,matale,7.8567,80.6492,heritage,5000,2.0,heritage;history;culture;photography,55,41,47,0.727,0.864,0.91,28.9,0.246,0.754,Research-seed record: destination name/location from publicly known tourism information; attribute values are derived/estimated for prototype use and must be verified against source records before dissertation submission.,real_destination_synthetic_attributes,1
D003,Minneriya National Park,polonnaruwa,8.0352,80.8767,wildlife;nature,15000,4.0,wildlife;photography;nature;adventure,70,35,59,0.745,0.866,0.705,24.1,0.618,0.382,Research-seed record: destination name/location from publicly known tourism information; attribute values are derived/estimated for prototype use and must be verified against source records before dissertation submission.,real_destination_synthetic_attributes,1
D004,Kaudulla National Park,polonnaruwa,8.077,80.963,wildlife;nature,15000,4.0,wildlife;photography;nature;adventure,64,33,66,0.619,0.639,0.61,28.4,0.634,0.366,Research-seed record: destination name/location from publicly known tourism information; attribute values are derived/estimated for prototype use and must be verified against source records before dissertation submission.,real_destination_synthetic_attributes,1
D005,Polonnaruwa Ancient City,polonnaruwa,7.9403,81.0188,heritage,5000,4.0,heritage;history;culture;photography,58,32,62,0.785,0.943,0.652,27.1,0.533,0.467,Research-seed record: destination name/location from publicly known tourism information; attribute values are derived/estimated for prototype use and must be verified against source records before dissertation submission.,real_destination_synthetic_attributes,1
D006,Anuradhapura Sacred City,anuradhapura,8.3114,80.4037,heritage;religious,5000,5.0,heritage;history;culture;religious;photography,61,29,52,0.825,0.945,0.761,27.2,0.355,0.645,Research-seed record: destination name/location from publicly known tourism information; attribute values are derived/estimated for prototype use and must be verified against source records before dissertation submission.,real_destination_synthetic_attributes,1
D007,Ritigala Monastery,anuradhapura,8.1244,80.6698,heritage;nature,5000,3.0,heritage;history;nature;hiking,60,29,53,0.67,0.744,0.789,25.4,0.564,0.436,Research-seed record: destination name/location from publicly known tourism information; attribute values are derived/estimated for prototype use and must be verified against source records before dissertation submission.,real_destination_synthetic_attributes,1
D008,Mihintale,anuradhapura,8.3504,80.5069,heritage;religious,3000,3.0,heritage;history;religious;photography,61,37,57,0.646,0.628,0.599,27.4,0.192,0.808,Research-seed record: destination name/location from publicly known tourism information; attribute values are derived/estimated for prototype use and must be verified against source records before dissertation submission.,real_destination_synthetic_attributes,1
D009,Wilpattu National Park,puttalam,8.5,80.0,wildlife;nature,16000,5.0,wildlife;nature;photography;adventure,63,28,68,0.665,0.761,0.79,27.6,0.173,0.827,Research-seed record: destination name/location from publicly known tourism information; attribute values are derived/estimated for prototype use and must be verified against source records before dissertation submission.,real_destination_synthetic_attributes,1
D010,Jaffna Fort,jaffna,9.6615,80.012,heritage,3000,2.0,heritage;history;culture;photography,54,30,63,0.799,0.873,0.863,27.2,0.058,0.942,Research-seed record: destination name/location from publicly known tourism information; attribute values are derived/estimated for prototype use and must be verified against source records before dissertation submission.,real_destination_synthetic_attributes,1
D011,Nallur Kandaswamy Kovil,jaffna,9.6747,80.0242,heritage;religious,3000,2.0,religious;culture;heritage;photography,61,44,59,0.707,0.77,0.659,24.9,0.354,0.646,Research-seed record: destination name/location from publicly known tourism information; attribute values are derived/estimated for prototype use and must be verified against source records before dissertation submission.,real_destination_synthetic_attributes,1
D012,Casuarina Beach,jaffna,9.801,79.913,beach,4000,3.0,beach;relaxation;photography,58,43,50,0.837,0.905,0.7,29.1,0.134,0.866,Research-seed record: destination name/location from publicly known tourism information; attribute values are derived/estimated for prototype use and must be verified against source records before dissertation submission.,real_destination_synthetic_attributes,1
D013,Delft Island,jaffna,9.55,79.75,nature;heritage,10000,6.0,nature;heritage;photography;adventure,60,36,55,0.949,0.748,0.913,24.6,0.552,0.448,Research-seed record: destination name/location from publicly known tourism information; attribute values are derived/estimated for prototype use and must be verified against source records before dissertation submission.,real_destination_synthetic_attributes,1
D014,Kandy Temple of the Tooth,kandy,7.2936,80.6413,heritage;religious,4000,2.0,religious;heritage;history;culture,56,35,59,0.649,0.793,0.712,28.6,0.396,0.604,Research-seed record: destination name/location from publicly known tourism information; attribute values are derived/estimated for prototype use and must be verified against source records before dissertation submission.,real_destination_synthetic_attributes,1
D015,Kandy Lake,kandy,7.2936,80.6413,nature;city,2000,2.0,nature;photography;relaxation;culture,63,25,53,0.892,0.639,0.943,29.2,0.304,0.696,Research-seed record: destination name/location from publicly known tourism information; attribute values are derived/estimated for prototype use and must be verified against source records before dissertation submission.,real_destination_synthetic_attributes,1
D016,Royal Botanical Gardens Peradeniya,kandy,7.268,80.596,nature,3500,4.0,nature;photography;relaxation;family,67,36,55,0.81,0.803,0.851,24.8,0.25,0.75,Research-seed record: destination name/location from publicly known tourism information; attribute values are derived/estimated for prototype use and must be verified against source records before dissertation submission.,real_destination_synthetic_attributes,1
D017,Udawattakele Forest Reserve,kandy,7.3005,80.641,nature,3000,3.0,nature;hiking;photography;wildlife,72,24,67,0.944,0.891,0.749,26.1,0.296,0.704,Research-seed record: destination name/location from publicly known tourism information; attribute values are derived/estimated for prototype use and must be verified against source records before dissertation submission.,real_destination_synthetic_attributes,1
D018,Knuckles Mountain Range,matale,7.45,80.8,nature;adventure,10000,7.0,hiking;nature;adventure;photography,63,40,62,0.769,0.841,0.656,29.3,0.476,0.524,Research-seed record: destination name/location from publicly known tourism information; attribute values are derived/estimated for prototype use and must be verified against source records before dissertation submission.,real_destination_synthetic_attributes,1
D019,Hanthana Mountain Range,kandy,7.24,80.65,nature;adventure,5000,5.0,hiking;nature;adventure;photography,62,32,68,0.773,0.785,0.571,27.3,0.216,0.784,Research-seed record: destination name/location from publicly known tourism information; attribute values are derived/estimated for prototype use and must be verified against source records before dissertation submission.,real_destination_synthetic_attributes,1
D020,Nuwara Eliya City,nuwara eliya,6.9497,80.7891,city;nature,5000,3.0,nature;photography;relaxation;food,67,34,57,0.734,0.908,0.908,26.2,0.466,0.534,Research-seed record: destination name/location from publicly known tourism information; attribute values are derived/estimated for prototype use and must be verified against source records before dissertation submission.,real_destination_synthetic_attributes,1
D021,Gregory Lake,nuwara eliya,6.9497,80.7891,nature,3000,2.5,nature;photography;relaxation;family,61,39,53,0.931,0.812,0.581,24.2,0.417,0.583,Research-seed record: destination name/location from publicly known tourism information; attribute values are derived/estimated for prototype use and must be verified against source records before dissertation submission.,real_destination_synthetic_attributes,1
D022,Horton Plains National Park,nuwara eliya,6.8028,80.8036,nature;wildlife,7000,6.0,hiking;nature;wildlife;photography,65,27,64,0.787,0.626,0.935,26.4,0.371,0.629,Research-seed record: destination name/location from publicly known tourism information; attribute values are derived/estimated for prototype use and must be verified against source records before dissertation submission.,real_destination_synthetic_attributes,1
D023,World's End,nuwara eliya,6.8028,80.8036,nature;adventure,7000,5.0,hiking;adventure;nature;photography,63,30,58,0.847,0.733,0.862,28.9,0.539,0.461,Research-seed record: destination name/location from publicly known tourism information; attribute values are derived/estimated for prototype use and must be verified against source records before dissertation submission.,real_destination_synthetic_attributes,1
D024,Hakgala Botanical Garden,nuwara eliya,6.923,80.769,nature,3500,3.0,nature;photography;relaxation,62,31,57,0.612,0.761,0.811,25.1,0.054,0.946,Research-seed record: destination name/location from publicly known tourism information; attribute values are derived/estimated for prototype use and must be verified against source records before dissertation submission.,real_destination_synthetic_attributes,1
D025,Ambewela Farm,nuwara eliya,6.89,80.77,nature;family,4000,3.0,family;nature;photography,58,27,61,0.693,0.573,0.931,28.7,0.015,0.985,Research-seed record: destination name/location from publicly known tourism information; attribute values are derived/estimated for prototype use and must be verified against source records before dissertation submission.,real_destination_synthetic_attributes,1
D026,Lover's Leap Waterfall,nuwara eliya,6.97,80.76,nature,3000,2.5,nature;hiking;photography,60,26,63,0.64,0.893,0.804,27.1,0.543,0.457,Research-seed record: destination name/location from publicly known tourism information; attribute values are derived/estimated for prototype use and must be verified against source records before dissertation submission.,real_destination_synthetic_attributes,1
D027,Ramboda Falls,nuwara eliya,7.05,80.7,nature,3000,2.0,nature;photography;relaxation,65,30,58,0.902,0.9,0.629,26.9,0.607,0.393,Research-seed record: destination name/location from publicly known tourism information; attribute values are derived/estimated for prototype use and must be verified against source records before dissertation submission.,real_destination_synthetic_attributes,1
D028,Pidurutalagala View Area,nuwara eliya,6.99,80.79,nature,3000,2.0,nature;photography,60,37,68,0.705,0.877,0.828,26.8,0.399,0.601,Research-seed record: destination name/location from publicly known tourism information; attribute values are derived/estimated for prototype use and must be verified against source records before dissertation submission.,real_destination_synthetic_attributes,1
D029,Ella Rock,badulla,6.8667,81.046,nature;adventure,5000,6.0,hiking;adventure;nature;photography,61,29,59,0.929,0.858,0.886,29.2,0.607,0.393,Research-seed record: destination name/location from publicly known tourism information; attribute values are derived/estimated for prototype use and must be verified against source records before dissertation submission.,real_destination_synthetic_attributes,1
D030,Little Adam's Peak,badulla,6.872,81.057,nature;adventure,3000,3.0,hiking;adventure;nature;photography,63,39,64,0.946,0.554,0.946,27.0,0.252,0.748,Research-seed record: destination name/location from publicly known tourism information; attribute values are derived/estimated for prototype use and must be verified against source records before dissertation submission.,real_destination_synthetic_attributes,1
D031,Nine Arches Bridge,badulla,6.8768,81.046,heritage;nature,3000,2.0,photography;heritage;nature,66,37,68,0.802,0.612,0.665,30.8,0.032,0.968,Research-seed record: destination name/location from publicly known tourism information; attribute values are derived/estimated for prototype use and must be verified against source records before dissertation submission.,real_destination_synthetic_attributes,1
D032,Ravana Falls,badulla,6.839,81.054,nature,3000,2.0,nature;photography;relaxation,65,33,59,0.755,0.647,0.636,30.1,0.104,0.896,Research-seed record: destination name/location from publicly known tourism information; attribute values are derived/estimated for prototype use and must be verified against source records before dissertation submission.,real_destination_synthetic_attributes,1
D033,Demodara Railway Loop,badulla,6.9,81.06,heritage;nature,3000,2.0,heritage;photography;culture,55,37,54,0.718,0.55,0.7,26.2,0.512,0.488,Research-seed record: destination name/location from publicly known tourism information; attribute values are derived/estimated for prototype use and must be verified against source records before dissertation submission.,real_destination_synthetic_attributes,1
D034,Lipton's Seat,badulla,6.77,81.015,nature,4000,4.0,nature;photography;hiking,67,37,64,0.948,0.822,0.704,30.8,0.48,0.52,Research-seed record: destination name/location from publicly known tourism information; attribute values are derived/estimated for prototype use and must be verified against source records before dissertation submission.,real_destination_synthetic_attributes,1
D035,Diyaluma Falls,badulla,6.73,81.03,nature;adventure,5000,5.0,adventure;nature;hiking;photography,67,26,62,0.829,0.573,0.88,25.3,0.167,0.833,Research-seed record: destination name/location from publicly known tourism information; attribute values are derived/estimated for prototype use and must be verified against source records before dissertation submission.,real_destination_synthetic_attributes,1
D036,Dunhinda Falls,badulla,7.02,81.07,nature,3000,3.0,nature;hiking;photography,57,40,52,0.95,0.85,0.931,24.9,0.476,0.524,Research-seed record: destination name/location from publicly known tourism information; attribute values are derived/estimated for prototype use and must be verified against source records before dissertation submission.,real_destination_synthetic_attributes,1
D037,Buduruwagala,monaragala,6.71,81.17,heritage,3000,2.5,heritage;history;photography,62,31,48,0.695,0.656,0.757,27.3,0.274,0.726,Research-seed record: destination name/location from publicly known tourism information; attribute values are derived/estimated for prototype use and must be verified against source records before dissertation submission.,real_destination_synthetic_attributes,1
D038,Gal Oya National Park,ampara,7.16,81.48,wildlife;nature,15000,6.0,wildlife;nature;adventure;photography,65,36,65,0.612,0.759,0.857,26.3,0.374,0.626,Research-seed record: destination name/location from publicly known tourism information; attribute values are derived/estimated for prototype use and must be verified against source records before dissertation submission.,real_destination_synthetic_attributes,1
D039,Kumana National Park,ampara,6.55,81.72,wildlife;nature,15000,6.0,wildlife;birdwatching;nature;photography,69,38,65,0.784,0.601,0.559,27.2,0.154,0.846,Research-seed record: destination name/location from publicly known tourism information; attribute values are derived/estimated for prototype use and must be verified against source records before dissertation submission.,real_destination_synthetic_attributes,1
D040,Arugam Bay,ampara,6.84,81.836,beach;adventure,8000,5.0,beach;surfing;adventure;relaxation,51,30,57,0.768,0.617,0.728,25.0,0.255,0.745,Research-seed record: destination name/location from publicly known tourism information; attribute values are derived/estimated for prototype use and must be verified against source records before dissertation submission.,real_destination_synthetic_attributes,1
D041,Pasikuda Beach,batticaloa,7.92,81.56,beach,7000,4.0,beach;relaxation;family;photography,58,35,51,0.761,0.698,0.756,27.2,0.249,0.751,Research-seed record: destination name/location from publicly known tourism information; attribute values are derived/estimated for prototype use and must be verified against source records before dissertation submission.,real_destination_synthetic_attributes,1
D042,Batticaloa Fort,batticaloa,7.718,81.7,heritage,3000,2.0,heritage;history;culture;photography,57,39,49,0.943,0.784,0.615,27.5,0.582,0.418,Research-seed record: destination name/location from publicly known tourism information; attribute values are derived/estimated for prototype use and must be verified against source records before dissertation submission.,real_destination_synthetic_attributes,1
D043,Nilaveli Beach,trincomalee,8.69,81.19,beach,7000,4.0,beach;relaxation;photography;family,57,31,48,0.722,0.826,0.613,25.4,0.608,0.392,Research-seed record: destination name/location from publicly known tourism information; attribute values are derived/estimated for prototype use and must be verified against source records before dissertation submission.,real_destination_synthetic_attributes,1
D044,Pigeon Island National Park,trincomalee,8.72,81.21,marine;nature,10000,5.0,snorkeling;beach;nature;wildlife,70,33,65,0.699,0.569,0.796,29.0,0.635,0.365,Research-seed record: destination name/location from publicly known tourism information; attribute values are derived/estimated for prototype use and must be verified against source records before dissertation submission.,real_destination_synthetic_attributes,1
D045,Fort Frederick,trincomalee,8.574,81.239,heritage,3000,2.0,heritage;history;culture;photography,57,42,51,0.756,0.894,0.602,29.9,0.48,0.52,Research-seed record: destination name/location from publicly known tourism information; attribute values are derived/estimated for prototype use and must be verified against source records before dissertation submission.,real_destination_synthetic_attributes,1
D046,Koneswaram Temple,trincomalee,8.572,81.233,heritage;religious,3000,2.0,religious;heritage;culture;photography,62,40,53,0.887,0.9,0.781,28.5,0.229,0.771,Research-seed record: destination name/location from publicly known tourism information; attribute values are derived/estimated for prototype use and must be verified against source records before dissertation submission.,real_destination_synthetic_attributes,1
D047,Marble Beach,trincomalee,8.6,81.22,beach,5000,3.0,beach;relaxation;photography,52,33,61,0.927,0.762,0.686,28.9,0.259,0.741,Research-seed record: destination name/location from publicly known tourism information; attribute values are derived/estimated for prototype use and must be verified against source records before dissertation submission.,real_destination_synthetic_attributes,1
D048,Colombo National Museum,colombo,6.91,79.86,heritage;culture,3000,2.5,history;heritage;culture;education,58,26,53,0.943,0.665,0.753,30.8,0.564,0.436,Research-seed record: destination name/location from publicly known tourism information; attribute values are derived/estimated for prototype use and must be verified against source records before dissertation submission.,real_destination_synthetic_attributes,1
D049,Galle Face Green,colombo,6.927,79.843,city;coastal,2000,2.0,relaxation;food;photography;family,55,27,55,0.777,0.883,0.631,30.9,0.548,0.452,Research-seed record: destination name/location from publicly known tourism information; attribute values are derived/estimated for prototype use and must be verified against source records before dissertation submission.,real_destination_synthetic_attributes,1
D050,Gangaramaya Temple,colombo,6.916,79.856,heritage;religious,3000,2.0,religious;heritage;culture;photography,62,33,58,0.863,0.784,0.621,26.3,0.211,0.789,Research-seed record: destination name/location from publicly known tourism information; attribute values are derived/estimated for prototype use and must be verified against source records before dissertation submission.,real_destination_synthetic_attributes,1
D051,Viharamahadevi Park,colombo,6.915,79.861,nature;city,2000,2.0,nature;family;relaxation;photography,58,29,56,0.626,0.796,0.847,28.4,0.197,0.803,Research-seed record: destination name/location from publicly known tourism information; attribute values are derived/estimated for prototype use and must be verified against source records before dissertation submission.,real_destination_synthetic_attributes,1
D052,Independence Square,colombo,6.904,79.868,heritage;city,2000,2.0,heritage;photography;relaxation,60,38,49,0.635,0.596,0.605,24.4,0.257,0.743,Research-seed record: destination name/location from publicly known tourism information; attribute values are derived/estimated for prototype use and must be verified against source records before dissertation submission.,real_destination_synthetic_attributes,1
D053,Dutch Hospital Colombo,colombo,6.933,79.844,heritage;city,5000,2.5,food;culture;heritage;shopping,60,30,63,0.845,0.578,0.864,24.3,0.327,0.673,Research-seed record: destination name/location from publicly known tourism information; attribute values are derived/estimated for prototype use and must be verified against source records before dissertation submission.,real_destination_synthetic_attributes,1
D054,Mount Lavinia Beach,colombo,6.833,79.865,beach,5000,3.0,beach;relaxation;food;photography,59,37,62,0.682,0.903,0.891,25.7,0.332,0.668,Research-seed record: destination name/location from publicly known tourism information; attribute values are derived/estimated for prototype use and must be verified against source records before dissertation submission.,real_destination_synthetic_attributes,1
D055,Negombo Beach,gampaha,7.21,79.835,beach,5000,3.0,beach;relaxation;food;family,57,32,52,0.807,0.597,0.788,25.6,0.253,0.747,Research-seed record: destination name/location from publicly known tourism information; attribute values are derived/estimated for prototype use and must be verified against source records before dissertation submission.,real_destination_synthetic_attributes,1
D056,Muthurajawela Wetland,gampaha,7.1,79.85,nature;wildlife,5000,4.0,nature;wildlife;birdwatching;photography,62,29,60,0.629,0.634,0.873,25.0,0.642,0.358,Research-seed record: destination name/location from publicly known tourism information; attribute values are derived/estimated for prototype use and must be verified against source records before dissertation submission.,real_destination_synthetic_attributes,1
D057,Kalpitiya Lagoon,puttalam,8.23,79.76,marine;nature,7000,4.0,nature;wildlife;photography;adventure,72,39,61,0.72,0.912,0.566,29.7,0.004,0.996,Research-seed record: destination name/location from publicly known tourism information; attribute values are derived/estimated for prototype use and must be verified against source records before dissertation submission.,real_destination_synthetic_attributes,1
D058,Wilpattu Wildlife Area,puttalam,8.5,80.0,wildlife;nature,16000,5.0,wildlife;nature;photography;adventure,68,30,53,0.751,0.708,0.69,27.9,0.43,0.57,Research-seed record: destination name/location from publicly known tourism information; attribute values are derived/estimated for prototype use and must be verified against source records before dissertation submission.,real_destination_synthetic_attributes,1
D059,Pinnawala Elephant Orphanage,kegalle,7.3,80.39,wildlife;family,8000,4.0,wildlife;family;photography,62,37,50,0.684,0.79,0.718,27.6,0.216,0.784,Research-seed record: destination name/location from publicly known tourism information; attribute values are derived/estimated for prototype use and must be verified against source records before dissertation submission.,real_destination_synthetic_attributes,1
D060,Kitulgala,kegalle,6.99,80.42,adventure;nature,9000,5.0,adventure;nature;rafting;hiking,57,25,58,0.877,0.809,0.688,27.4,0.521,0.479,Research-seed record: destination name/location from publicly known tourism information; attribute values are derived/estimated for prototype use and must be verified against source records before dissertation submission.,real_destination_synthetic_attributes,1
D061,Belilena Cave,kegalle,6.99,80.41,heritage;nature,3000,3.0,history;heritage;nature;adventure,61,30,68,0.64,0.57,0.777,29.9,0.335,0.665,Research-seed record: destination name/location from publicly known tourism information; attribute values are derived/estimated for prototype use and must be verified against source records before dissertation submission.,real_destination_synthetic_attributes,1
D062,Adam's Peak,ratnapura,6.809,80.499,religious;nature,5000,8.0,hiking;religious;nature;adventure,62,28,65,0.871,0.691,0.841,27.5,0.372,0.628,Research-seed record: destination name/location from publicly known tourism information; attribute values are derived/estimated for prototype use and must be verified against source records before dissertation submission.,real_destination_synthetic_attributes,1
D063,Sinharaja Forest Reserve,ratnapura,6.4,80.5,nature;wildlife,8000,6.0,nature;wildlife;hiking;photography,69,26,67,0.836,0.586,0.664,29.4,0.261,0.739,Research-seed record: destination name/location from publicly known tourism information; attribute values are derived/estimated for prototype use and must be verified against source records before dissertation submission.,real_destination_synthetic_attributes,1
D064,Udawalawe National Park,ratnapura,6.475,80.88,wildlife;nature,15000,5.0,wildlife;nature;photography;family,64,25,66,0.811,0.753,0.705,29.9,0.244,0.756,Research-seed record: destination name/location from publicly known tourism information; attribute values are derived/estimated for prototype use and must be verified against source records before dissertation submission.,real_destination_synthetic_attributes,1
D065,Udawalawe Elephant Transit Home,ratnapura,6.48,80.89,wildlife,5000,2.0,wildlife;family;photography,65,31,57,0.932,0.632,0.657,26.5,0.236,0.764,Research-seed record: destination name/location from publicly known tourism information; attribute values are derived/estimated for prototype use and must be verified against source records before dissertation submission.,real_destination_synthetic_attributes,1
D066,Bopath Ella,ratnapura,6.4,80.55,nature,3000,3.0,nature;photography;relaxation,57,34,56,0.902,0.784,0.864,28.7,0.611,0.389,Research-seed record: destination name/location from publicly known tourism information; attribute values are derived/estimated for prototype use and must be verified against source records before dissertation submission.,real_destination_synthetic_attributes,1
D067,Bambarakanda Falls,badulla,6.775,80.8,nature,3000,3.0,nature;hiking;photography,62,28,53,0.886,0.754,0.696,25.0,0.643,0.357,Research-seed record: destination name/location from publicly known tourism information; attribute values are derived/estimated for prototype use and must be verified against source records before dissertation submission.,real_destination_synthetic_attributes,1
D068,Ratnapura Gem Museum Area,ratnapura,6.6828,80.3992,culture;heritage,4000,2.5,culture;education;shopping;history,56,23,62,0.684,0.714,0.727,29.8,0.086,0.914,Research-seed record: destination name/location from publicly known tourism information; attribute values are derived/estimated for prototype use and must be verified against source records before dissertation submission.,real_destination_synthetic_attributes,1
D069,Kalutara Bodhiya,kalutara,6.5854,79.9607,religious;heritage,3000,2.0,religious;culture;heritage;photography,55,43,63,0.649,0.908,0.89,26.5,0.156,0.844,Research-seed record: destination name/location from publicly known tourism information; attribute values are derived/estimated for prototype use and must be verified against source records before dissertation submission.,real_destination_synthetic_attributes,1
D070,Brief Garden,kalutara,6.64,80.05,nature,4000,2.5,nature;photography;relaxation,59,37,67,0.853,0.599,0.569,26.8,0.056,0.944,Research-seed record: destination name/location from publicly known tourism information; attribute values are derived/estimated for prototype use and must be verified against source records before dissertation submission.,real_destination_synthetic_attributes,1
D071,Bentota Beach,galle,6.421,80.0,beach;adventure,7000,4.0,beach;water_sports;relaxation;family,58,33,49,0.653,0.647,0.683,25.4,0.36,0.64,Research-seed record: destination name/location from publicly known tourism information; attribute values are derived/estimated for prototype use and must be verified against source records before dissertation submission.,real_destination_synthetic_attributes,1
D072,Madu River,galle,6.32,80.03,nature;marine,7000,4.0,nature;wildlife;boat_trip;photography,68,36,56,0.626,0.769,0.692,29.9,0.481,0.519,Research-seed record: destination name/location from publicly known tourism information; attribute values are derived/estimated for prototype use and must be verified against source records before dissertation submission.,real_destination_synthetic_attributes,1
D073,Kanneliya Forest Reserve,galle,6.25,80.35,nature;wildlife,7000,5.0,nature;hiking;wildlife;photography,62,38,63,0.794,0.844,0.724,24.6,0.353,0.647,Research-seed record: destination name/location from publicly known tourism information; attribute values are derived/estimated for prototype use and must be verified against source records before dissertation submission.,real_destination_synthetic_attributes,1
D074,Galle Fort,galle,6.0329,80.2168,heritage;coastal,5000,4.0,heritage;history;culture;photography,55,34,49,0.923,0.568,0.64,29.6,0.379,0.621,Research-seed record: destination name/location from publicly known tourism information; attribute values are derived/estimated for prototype use and must be verified against source records before dissertation submission.,real_destination_synthetic_attributes,1
D075,Unawatuna Beach,galle,6.01,80.25,beach,6000,4.0,beach;snorkeling;relaxation;photography,58,44,54,0.827,0.902,0.859,29.4,0.624,0.376,Research-seed record: destination name/location from publicly known tourism information; attribute values are derived/estimated for prototype use and must be verified against source records before dissertation submission.,real_destination_synthetic_attributes,1
D076,Jungle Beach,galle,6.0,80.26,beach;nature,5000,4.0,beach;nature;snorkeling;photography,65,36,52,0.79,0.787,0.897,28.7,0.109,0.891,Research-seed record: destination name/location from publicly known tourism information; attribute values are derived/estimated for prototype use and must be verified against source records before dissertation submission.,real_destination_synthetic_attributes,1
D077,Hikkaduwa National Park,galle,6.14,80.1,marine;nature,7000,4.0,snorkeling;marine;wildlife;beach,63,27,47,0.735,0.815,0.927,30.2,0.465,0.535,Research-seed record: destination name/location from publicly known tourism information; attribute values are derived/estimated for prototype use and must be verified against source records before dissertation submission.,real_destination_synthetic_attributes,1
D078,Rumassala Sanctuary,galle,6.01,80.25,nature;wildlife,4000,3.0,nature;hiking;photography;wildlife,72,37,58,0.883,0.745,0.741,27.1,0.504,0.496,Research-seed record: destination name/location from publicly known tourism information; attribute values are derived/estimated for prototype use and must be verified against source records before dissertation submission.,real_destination_synthetic_attributes,1
D079,Mirissa Beach,matara,5.948,80.458,beach,6000,4.0,beach;relaxation;photography;food,56,36,63,0.646,0.812,0.74,24.2,0.301,0.699,Research-seed record: destination name/location from publicly known tourism information; attribute values are derived/estimated for prototype use and must be verified against source records before dissertation submission.,real_destination_synthetic_attributes,1
D080,Weligama Bay,matara,5.97,80.43,beach;adventure,6000,4.0,beach;surfing;adventure;relaxation,53,25,47,0.826,0.788,0.601,29.9,0.049,0.951,Research-seed record: destination name/location from publicly known tourism information; attribute values are derived/estimated for prototype use and must be verified against source records before dissertation submission.,real_destination_synthetic_attributes,1
D081,Polhena Beach,matara,5.94,80.54,beach;marine,5000,3.0,beach;snorkeling;relaxation;photography,57,45,55,0.764,0.866,0.689,24.6,0.007,0.993,Research-seed record: destination name/location from publicly known tourism information; attribute values are derived/estimated for prototype use and must be verified against source records before dissertation submission.,real_destination_synthetic_attributes,1
D082,Dondra Head,matara,5.93,80.59,coastal;heritage,3000,2.0,photography;heritage;relaxation,60,42,62,0.649,0.701,0.689,24.5,0.566,0.434,Research-seed record: destination name/location from publicly known tourism information; attribute values are derived/estimated for prototype use and must be verified against source records before dissertation submission.,real_destination_synthetic_attributes,1
D083,Hummanaya Blow Hole,matara,5.96,80.69,nature;coastal,3000,2.0,nature;photography;adventure,58,34,67,0.786,0.804,0.812,25.9,0.173,0.827,Research-seed record: destination name/location from publicly known tourism information; attribute values are derived/estimated for prototype use and must be verified against source records before dissertation submission.,real_destination_synthetic_attributes,1
D084,Rekawa Turtle Beach,hambantota,6.05,80.82,beach;wildlife,5000,4.0,wildlife;beach;nature;photography,66,35,60,0.91,0.921,0.825,25.6,0.455,0.545,Research-seed record: destination name/location from publicly known tourism information; attribute values are derived/estimated for prototype use and must be verified against source records before dissertation submission.,real_destination_synthetic_attributes,1
D085,Yala National Park,hambantota,6.37,81.52,wildlife;nature,16000,6.0,wildlife;nature;photography;adventure,66,34,63,0.856,0.705,0.739,26.6,0.632,0.368,Research-seed record: destination name/location from publicly known tourism information; attribute values are derived/estimated for prototype use and must be verified against source records before dissertation submission.,real_destination_synthetic_attributes,1
D086,Bundala National Park,hambantota,6.21,81.23,wildlife;nature,12000,5.0,birdwatching;wildlife;nature;photography,66,29,57,0.878,0.781,0.692,27.8,0.235,0.765,Research-seed record: destination name/location from publicly known tourism information; attribute values are derived/estimated for prototype use and must be verified against source records before dissertation submission.,real_destination_synthetic_attributes,1
D087,Kirinda Temple,hambantota,6.28,81.29,heritage;coastal,3000,2.0,heritage;religious;photography,53,31,61,0.849,0.84,0.725,30.1,0.023,0.977,Research-seed record: destination name/location from publicly known tourism information; attribute values are derived/estimated for prototype use and must be verified against source records before dissertation submission.,real_destination_synthetic_attributes,1
D088,Tangalle Beach,hambantota,6.024,80.795,beach,5000,4.0,beach;relaxation;photography,55,37,61,0.789,0.661,0.586,28.8,0.061,0.939,Research-seed record: destination name/location from publicly known tourism information; attribute values are derived/estimated for prototype use and must be verified against source records before dissertation submission.,real_destination_synthetic_attributes,1
D089,Kalametiya Bird Sanctuary,hambantota,6.08,80.95,wildlife;nature,5000,4.0,birdwatching;nature;wildlife;photography,69,36,53,0.695,0.823,0.674,26.4,0.543,0.457,Research-seed record: destination name/location from publicly known tourism information; attribute values are derived/estimated for prototype use and must be verified against source records before dissertation submission.,real_destination_synthetic_attributes,1
D090,Lunugamvehera National Park,monaragala,6.4,81.3,wildlife;nature,12000,5.0,wildlife;nature;photography,71,32,57,0.679,0.583,0.889,25.8,0.202,0.798,Research-seed record: destination name/location from publicly known tourism information; attribute values are derived/estimated for prototype use and must be verified against source records before dissertation submission.,real_destination_synthetic_attributes,1
D091,Madulsima Mini World's End,badulla,7.0,81.02,nature;adventure,5000,4.0,hiking;nature;photography;adventure,65,30,58,0.669,0.809,0.658,25.3,0.596,0.404,Research-seed record: destination name/location from publicly known tourism information; attribute values are derived/estimated for prototype use and must be verified against source records before dissertation submission.,real_destination_synthetic_attributes,1
D092,Meemure,kandy,7.4,80.75,nature;village;adventure,8000,7.0,nature;hiking;adventure;culture,63,21,52,0.686,0.808,0.688,29.4,0.503,0.497,Research-seed record: destination name/location from publicly known tourism information; attribute values are derived/estimated for prototype use and must be verified against source records before dissertation submission.,real_destination_synthetic_attributes,1
D093,Riverston,matale,7.5,80.75,nature;adventure,6000,5.0,hiking;nature;photography;adventure,57,34,58,0.747,0.578,0.868,24.8,0.299,0.701,Research-seed record: destination name/location from publicly known tourism information; attribute values are derived/estimated for prototype use and must be verified against source records before dissertation submission.,real_destination_synthetic_attributes,1
D094,Sembuwatta Lake,matale,7.5,80.7,nature,5000,4.0,nature;relaxation;family;photography,64,37,56,0.889,0.736,0.725,25.1,0.172,0.828,Research-seed record: destination name/location from publicly known tourism information; attribute values are derived/estimated for prototype use and must be verified against source records before dissertation submission.,real_destination_synthetic_attributes,1
D095,Aluvihare Rock Temple,matale,7.471,80.624,heritage;religious,3000,2.0,heritage;history;religious;culture,53,32,50,0.803,0.811,0.939,28.5,0.205,0.795,Research-seed record: destination name/location from publicly known tourism information; attribute values are derived/estimated for prototype use and must be verified against source records before dissertation submission.,real_destination_synthetic_attributes,1
D096,Wasgamuwa National Park,matale,7.7,80.9,wildlife;nature,14000,5.0,wildlife;nature;photography;adventure,65,30,57,0.729,0.846,0.793,26.5,0.396,0.604,Research-seed record: destination name/location from publicly known tourism information; attribute values are derived/estimated for prototype use and must be verified against source records before dissertation submission.,real_destination_synthetic_attributes,1
D097,Haputale,badulla,6.77,80.96,nature;city,4000,3.0,nature;photography;hiking;relaxation,61,28,52,0.902,0.842,0.878,25.1,0.164,0.836,Research-seed record: destination name/location from publicly known tourism information; attribute values are derived/estimated for prototype use and must be verified against source records before dissertation submission.,real_destination_synthetic_attributes,1
D098,Ohiya,badulla,6.8,80.76,nature;adventure,5000,4.0,nature;hiking;photography;adventure,63,38,66,0.693,0.569,0.831,27.9,0.175,0.825,Research-seed record: destination name/location from publicly known tourism information; attribute values are derived/estimated for prototype use and must be verified against source records before dissertation submission.,real_destination_synthetic_attributes,1
D099,Baker's Falls,nuwara eliya,6.8,80.8,nature,3000,3.0,nature;hiking;photography,64,34,58,0.839,0.764,0.819,30.5,0.544,0.456,Research-seed record: destination name/location from publicly known tourism information; attribute values are derived/estimated for prototype use and must be verified against source records before dissertation submission.,real_destination_synthetic_attributes,1
D100,Pekoe Trail - Tea Country Section,nuwara eliya,6.95,80.75,nature;adventure;culture,7000,6.0,hiking;nature;culture;photography,59,39,62,0.658,0.677,0.914,27.1,0.034,0.966,Research-seed record: destination name/location from publicly known tourism information; attribute values are derived/estimated for prototype use and must be verified against source records before dissertation submission.,real_destination_synthetic_attributes,1
