user_id,age_group,traveller_type,travel_style,budget_lkr_per_day,trip_duration_days,starting_location,preferred_interests,preferred_crowd,preferred_weather,sustainability_importance,data_status,num_preferred_interests
U001,18-24,solo,budget,5000,1,colombo,nature;photography,low,cool,0.4,synthetic_demo_profile,1
U002,25-34,couple,moderate,8000,2,kandy,beach;relaxation,medium,warm,0.48,synthetic_demo_profile,1
U003,35-44,friends,budget,11000,3,gampaha,heritage;history,low,dry,0.56,synthetic_demo_profile,1
U004,18-24,family,moderate,14000,4,negombo,wildlife;photography,medium,mixed,0.64,synthetic_demo_profile,1
U005,25-34,solo,premium,17000,5,matara,adventure;hiking,high,rain_tolerant,0.72,synthetic_demo_profile,1
U006,35-44,couple,budget,20000,1,galle,culture;food,low,cool,0.8,synthetic_demo_profile,1
U007,18-24,friends,moderate,5000,2,kurunegala,nature;hiking,medium,warm,0.88,synthetic_demo_profile,1
U008,25-34,family,budget,8000,3,ratnapura,beach;adventure,low,dry,0.4,synthetic_demo_profile,1
U009,35-44,solo,moderate,11000,4,badulla,heritage;culture,medium,mixed,0.48,synthetic_demo_profile,1
U010,18-24,couple,premium,14000,5,jaffna,wildlife;nature,high,rain_tolerant,0.56,synthetic_demo_profile,1
U011,25-34,friends,budget,17000,1,colombo,nature;photography,low,cool,0.64,synthetic_demo_profile,1
U012,35-44,family,moderate,20000,2,kandy,beach;relaxation,medium,warm,0.72,synthetic_demo_profile,1
U013,18-24,solo,budget,5000,3,gampaha,heritage;history,low,dry,0.8,synthetic_demo_profile,1
U014,25-34,couple,moderate,8000,4,negombo,wildlife;photography,medium,mixed,0.88,synthetic_demo_profile,1
U015,35-44,friends,premium,11000,5,matara,adventure;hiking,high,rain_tolerant,0.4,synthetic_demo_profile,1
U016,18-24,family,budget,14000,1,galle,culture;food,low,cool,0.48,synthetic_demo_profile,1
U017,25-34,solo,moderate,17000,2,kurunegala,nature;hiking,medium,warm,0.56,synthetic_demo_profile,1
U018,35-44,couple,budget,20000,3,ratnapura,beach;adventure,low,dry,0.64,synthetic_demo_profile,1
U019,18-24,friends,moderate,5000,4,badulla,heritage;culture,medium,mixed,0.72,synthetic_demo_profile,1
U020,25-34,family,premium,8000,5,jaffna,wildlife;nature,high,rain_tolerant,0.8,synthetic_demo_profile,1
U021,35-44,solo,budget,11000,1,colombo,nature;photography,low,cool,0.88,synthetic_demo_profile,1
U022,18-24,couple,moderate,14000,2,kandy,beach;relaxation,medium,warm,0.4,synthetic_demo_profile,1
U023,25-34,friends,budget,17000,3,gampaha,heritage;history,low,dry,0.48,synthetic_demo_profile,1
U024,35-44,family,moderate,20000,4,negombo,wildlife;photography,medium,mixed,0.56,synthetic_demo_profile,1
U025,18-24,solo,premium,5000,5,matara,adventure;hiking,high,rain_tolerant,0.64,synthetic_demo_profile,1
U026,25-34,couple,budget,8000,1,galle,culture;food,low,cool,0.72,synthetic_demo_profile,1
U027,35-44,friends,moderate,11000,2,kurunegala,nature;hiking,medium,warm,0.8,synthetic_demo_profile,1
U028,18-24,family,budget,14000,3,ratnapura,beach;adventure,low,dry,0.88,synthetic_demo_profile,1
U029,25-34,solo,moderate,17000,4,badulla,heritage;culture,medium,mixed,0.4,synthetic_demo_profile,1
U030,35-44,couple,premium,20000,5,jaffna,wildlife;nature,high,rain_tolerant,0.48,synthetic_demo_profile,1
U031,18-24,friends,budget,5000,1,colombo,nature;photography,low,cool,0.56,synthetic_demo_profile,1
U032,25-34,family,moderate,8000,2,kandy,beach;relaxation,medium,warm,0.64,synthetic_demo_profile,1
U033,35-44,solo,budget,11000,3,gampaha,heritage;history,low,dry,0.72,synthetic_demo_profile,1
U034,18-24,couple,moderate,14000,4,negombo,wildlife;photography,medium,mixed,0.8,synthetic_demo_profile,1
U035,25-34,friends,premium,17000,5,matara,adventure;hiking,high,rain_tolerant,0.88,synthetic_demo_profile,1
U036,35-44,family,budget,20000,1,galle,culture;food,low,cool,0.4,synthetic_demo_profile,1
U037,18-24,solo,moderate,5000,2,kurunegala,nature;hiking,medium,warm,0.48,synthetic_demo_profile,1
U038,25-34,couple,budget,8000,3,ratnapura,beach;adventure,low,dry,0.56,synthetic_demo_profile,1
U039,35-44,friends,moderate,11000,4,badulla,heritage;culture,medium,mixed,0.64,synthetic_demo_profile,1
U040,18-24,family,premium,14000,5,jaffna,wildlife;nature,high,rain_tolerant,0.72,synthetic_demo_profile,1
U041,25-34,solo,budget,17000,1,colombo,nature;photography,low,cool,0.8,synthetic_demo_profile,1
U042,35-44,couple,moderate,20000,2,kandy,beach;relaxation,medium,warm,0.88,synthetic_demo_profile,1
U043,18-24,friends,budget,5000,3,gampaha,heritage;history,low,dry,0.4,synthetic_demo_profile,1
U044,25-34,family,moderate,8000,4,negombo,wildlife;photography,medium,mixed,0.48,synthetic_demo_profile,1
U045,35-44,solo,premium,11000,5,matara,adventure;hiking,high,rain_tolerant,0.56,synthetic_demo_profile,1
U046,18-24,couple,budget,14000,1,galle,culture;food,low,cool,0.64,synthetic_demo_profile,1
U047,25-34,friends,moderate,17000,2,kurunegala,nature;hiking,medium,warm,0.72,synthetic_demo_profile,1
U048,35-44,family,budget,20000,3,ratnapura,beach;adventure,low,dry,0.8,synthetic_demo_profile,1
U049,18-24,solo,moderate,5000,4,badulla,heritage;culture,medium,mixed,0.88,synthetic_demo_profile,1
U050,25-34,couple,premium,8000,5,jaffna,wildlife;nature,high,rain_tolerant,0.4,synthetic_demo_profile,1
