destination_id,name,category,district,estimated_cost_lkr,sustainability_score,crowd_score,seasonality_score,weather_temp_c,weather_rain_risk,weather_suitability,budget_model,crowd_model,weather_model,sustainability_model,seasonality_model,preference_model,context_aware_score
D097,Haputale,nature;city,badulla,4000,61,28,52,25.1,0.164,0.836,1.0,0.0,0.7303999999999999,0.7,1,0.26351691387434684,0.49844676554973877
D032,Ravana Falls,nature,badulla,3000,65,33,59,30.1,0.104,0.896,1.0,0.0,0.5544,0.7,1,0.3063047518821777,0.4979619007528711
D070,Brief Garden,nature,kalutara,4000,59,37,67,26.8,0.056,0.944,1.0,0.0,0.7055999999999999,0.7,1,0.265840590622728,0.49689623624909124
D024,Hakgala Botanical Garden,nature,nuwara eliya,3500,62,31,57,25.1,0.054,0.946,1.0,0.0,0.7744,0.7,1,0.24681275073530068,0.4961651002941203
D021,Gregory Lake,nature,nuwara eliya,3000,61,39,53,24.2,0.417,0.583,1.0,0.0,0.6652,0.7,1,0.26306998044156166,0.4917479921766247
D027,Ramboda Falls,nature,nuwara eliya,3000,65,30,58,26.9,0.607,0.393,1.0,0.0,0.4812,0.7,1,0.28840156739565453,0.4834806269582618
D028,Pidurutalagala View Area,nature,nuwara eliya,3000,60,37,68,26.8,0.399,0.601,1.0,0.0,0.5683999999999999,0.7,1,0.25282064014351197,0.4779682560574048
D083,Hummanaya Blow Hole,nature;coastal,matara,3000,58,34,67,25.9,0.173,0.827,1.0,0.0,0.6948,0.7,1,0.21895604000946164,0.47706241600378463
D016,Royal Botanical Gardens Peradeniya,nature,kandy,3500,67,36,55,24.8,0.25,0.75,1.0,0.0,0.7080000000000001,0.7,1,0.2129330339038001,0.47597321356152006
D025,Ambewela Farm,nature;family,nuwara eliya,4000,58,27,61,28.7,0.015,0.985,1.0,0.0,0.646,0.7,1,0.2221910458399221,0.4734764183359689
