user_id,destination_id,name,category,district,preference_score,budget_fit,crowd_fit,weather_fit,sustainability_fit,seasonality_fit,sentiment_fit,context_score,rank
U001,D017,Udawattakele Forest Reserve,nature,kandy,1.0,1.0,0.52,0.7176,0.288,0.67,0.8613333333333334,0.7981933333333333,1
U001,D035,Diyaluma Falls,nature;adventure,badulla,1.0,1.0,0.48,0.8011999999999999,0.268,0.62,0.7606666666666667,0.7859866666666666,2
U001,D097,Haputale,nature;city,badulla,1.0,1.0,0.43999999999999995,0.8104,0.244,0.52,0.874,0.78484,3
U001,D024,Hakgala Botanical Garden,nature,nuwara eliya,1.0,1.0,0.38,0.8543999999999999,0.248,0.57,0.7280000000000001,0.7685399999999999,4
U001,D025,Ambewela Farm,nature;family,nuwara eliya,1.0,1.0,0.45999999999999996,0.7260000000000001,0.23199999999999998,0.61,0.7323333333333334,0.7685333333333333,5
U001,D015,Kandy Lake,nature;city,kandy,1.0,1.0,0.5,0.5904,0.252,0.53,0.8246666666666668,0.7682066666666666,6
U001,D026,Lover's Leap Waterfall,nature,nuwara eliya,1.0,1.0,0.48,0.5788,0.24,0.63,0.7789999999999999,0.76328,7
U001,D083,Hummanaya Blow Hole,nature;coastal,matara,1.0,1.0,0.31999999999999995,0.7748,0.23199999999999998,0.67,0.8006666666666667,0.7622466666666667,8
U001,D067,Bambarakanda Falls,nature,badulla,1.0,1.0,0.43999999999999995,0.6228,0.248,0.53,0.7786666666666667,0.7574466666666666,9
U001,D084,Rekawa Turtle Beach,beach;wildlife,hambantota,1.0,1.0,0.30000000000000004,0.6739999999999999,0.264,0.6,0.8853333333333332,0.7573333333333334,10
U002,D012,Casuarina Beach,beach,jaffna,1.0,1.0,0.86,0.9424,0.2784,0.5,0.8140000000000001,0.85748,1
U002,D081,Polhena Beach,beach;marine,matara,1.0,1.0,0.9,0.8212,0.27359999999999995,0.55,0.773,0.84928,2
U002,D075,Unawatuna Beach,beach,galle,1.0,1.0,0.88,0.7343999999999999,0.2784,0.54,0.8626666666666667,0.8465466666666667,3
U002,D088,Tangalle Beach,beach,hambantota,1.0,1.0,0.74,0.9676,0.264,0.61,0.6786666666666666,0.8325266666666665,4
U002,D054,Mount Lavinia Beach,beach,colombo,1.0,1.0,0.74,0.7352,0.28319999999999995,0.62,0.8253333333333334,0.8263733333333334,5
U002,D047,Marble Beach,beach,trincomalee,1.0,1.0,0.6599999999999999,0.8924,0.2496,0.61,0.7916666666666666,0.8228666666666666,6
U002,D041,Pasikuda Beach,beach,batticaloa,1.0,1.0,0.7,0.8283999999999999,0.2784,0.51,0.7383333333333333,0.8150133333333333,7
U002,D079,Mirissa Beach,beach,matara,1.0,1.0,0.72,0.6876,0.26880000000000004,0.63,0.7326666666666668,0.8084066666666667,8
U002,D055,Negombo Beach,beach,gampaha,1.0,1.0,0.64,0.7628,0.27359999999999995,0.52,0.7306666666666667,0.7987066666666667,9
U002,D080,Weligama Bay,beach;adventure,matara,1.0,1.0,0.5,0.9444000000000001,0.2544,0.47,0.7383333333333333,0.7922133333333333,10
U003,D010,Jaffna Fort,heritage,jaffna,1.0,1.0,0.4,0.9419999999999998,0.30240000000000006,0.63,0.8450000000000001,0.80044,1
U003,D095,Aluvihare Rock Temple,heritage;religious,matale,1.0,1.0,0.36,0.7949999999999999,0.29680000000000006,0.5,0.851,0.7732800000000002,2
U003,D006,Anuradhapura Sacred City,heritage;religious,anuradhapura,1.0,1.0,0.42000000000000004,0.645,0.3416,0.52,0.8436666666666667,0.7720266666666666,3
U003,D061,Belilena Cave,heritage;nature,kegalle,1.0,1.0,0.4,0.665,0.3416,0.68,0.6623333333333333,0.7608933333333334,4
U003,D037,Buduruwagala,heritage,monaragala,1.0,1.0,0.38,0.726,0.3472,0.48,0.7026666666666667,0.7585866666666666,5
U003,D048,Colombo National Museum,heritage;culture,colombo,1.0,1.0,0.48,0.43600000000000005,0.32480000000000003,0.53,0.787,0.7532799999999998,6
U003,D008,Mihintale,heritage;religious,anuradhapura,1.0,1.0,0.26,0.808,0.3416,0.57,0.6243333333333333,0.7448933333333333,7
U003,D005,Polonnaruwa Ancient City,heritage,polonnaruwa,1.0,1.0,0.36,0.46699999999999997,0.32480000000000003,0.62,0.7933333333333333,0.7435133333333334,8
U003,D007,Ritigala Monastery,heritage;nature,anuradhapura,1.0,1.0,0.42000000000000004,0.43600000000000005,0.336,0.53,0.7343333333333334,0.7401333333333332,9
U003,D002,Dambulla Cave Temple,heritage,matale,1.0,1.0,0.18000000000000005,0.7539999999999999,0.30800000000000005,0.47,0.8336666666666667,0.7400666666666668,10
U004,D057,Kalpitiya Lagoon,marine;nature,puttalam,1.0,1.0,0.78,0.996,0.4608,0.61,0.7326666666666667,0.8664466666666667,1
U004,D073,Kanneliya Forest Reserve,nature;wildlife,galle,1.0,1.0,0.76,0.647,0.3968,0.63,0.7873333333333333,0.8286133333333333,2
U004,D059,Pinnawala Elephant Orphanage,wildlife;family,kegalle,1.0,1.0,0.74,0.784,0.3968,0.5,0.7306666666666667,0.8271466666666667,3
U004,D090,Lunugamvehera National Park,wildlife;nature,monaragala,1.0,1.0,0.64,0.798,0.45439999999999997,0.57,0.717,0.82144,4
U004,D084,Rekawa Turtle Beach,beach;wildlife,hambantota,1.0,1.0,0.7,0.545,0.42240000000000005,0.6,0.8853333333333332,0.8202733333333334,5
U004,D078,Rumassala Sanctuary,nature;wildlife,galle,1.0,1.0,0.74,0.496,0.4608,0.58,0.7896666666666667,0.8146466666666667,6
U004,D065,Udawalawe Elephant Transit Home,wildlife,ratnapura,1.0,1.0,0.62,0.764,0.41600000000000004,0.57,0.7403333333333334,0.8135333333333332,7
U004,D086,Bundala National Park,wildlife;nature,hambantota,1.0,1.0,0.5800000000000001,0.765,0.42240000000000005,0.57,0.7836666666666666,0.8126066666666667,8
U004,D039,Kumana National Park,wildlife;nature,ampara,1.0,0.8571428571428572,0.76,0.846,0.4416,0.65,0.648,0.8114885714285713,9
U004,D017,Udawattakele Forest Reserve,nature,kandy,1.0,1.0,0.48,0.704,0.4608,0.67,0.8613333333333334,0.8081133333333332,10
U005,D030,Little Adam's Peak,nature;adventure,badulla,1.0,1.0,0.39,0.5,0.4536,0.64,0.8153333333333332,0.7673933333333334,1
U005,D018,Knuckles Mountain Range,nature;adventure,matale,1.0,1.0,0.4,0.5,0.4536,0.62,0.7553333333333333,0.7618933333333334,2
U005,D029,Ella Rock,nature;adventure,badulla,1.0,1.0,0.29,0.5,0.4392,0.59,0.891,0.7560199999999999,3
U005,D098,Ohiya,nature;adventure,badulla,1.0,1.0,0.38,0.5,0.4536,0.66,0.6976666666666667,0.7551266666666666,4
U005,D023,World's End,nature;adventure,nuwara eliya,1.0,1.0,0.3,0.5,0.4536,0.58,0.8140000000000001,0.7507600000000001,5
U005,D062,Adam's Peak,religious;nature,ratnapura,1.0,1.0,0.28,0.5,0.44639999999999996,0.65,0.8009999999999998,0.74924,6
U005,D019,Hanthana Mountain Range,nature;adventure,kandy,1.0,1.0,0.32,0.5,0.44639999999999996,0.68,0.7096666666666667,0.7476066666666668,7
U005,D035,Diyaluma Falls,nature;adventure,badulla,1.0,1.0,0.26,0.5,0.4824,0.62,0.7606666666666667,0.7443066666666667,8
U005,D093,Riverston,nature;adventure,matale,1.0,1.0,0.34,0.5,0.41039999999999993,0.58,0.731,0.74414,9
U005,D091,Madulsima Mini World's End,nature;adventure,badulla,1.0,1.0,0.3,0.5,0.46799999999999997,0.58,0.7120000000000001,0.7420000000000001,10
U006,D053,Dutch Hospital Colombo,heritage;city,colombo,1.0,1.0,0.4,0.7772000000000001,0.48,0.63,0.7623333333333333,0.7934533333333335,1
U006,D010,Jaffna Fort,heritage,jaffna,0.5,1.0,0.4,0.7687999999999999,0.43200000000000005,0.63,0.8450000000000001,0.64608,2
U006,D015,Kandy Lake,nature;city,kandy,0.5,1.0,0.5,0.5904,0.504,0.53,0.8246666666666668,0.6434066666666667,3
U006,D068,Ratnapura Gem Museum Area,culture;heritage,ratnapura,0.5,1.0,0.54,0.6536,0.44800000000000006,0.62,0.7083333333333334,0.6429933333333334,4
U006,D006,Anuradhapura Sacred City,heritage;religious,anuradhapura,0.5,1.0,0.42000000000000004,0.6499999999999999,0.488,0.52,0.8436666666666667,0.6371666666666667,5
U006,D092,Meemure,nature;village;adventure,kandy,0.5,1.0,0.5800000000000001,0.5028000000000001,0.504,0.52,0.7273333333333335,0.6364133333333334,6
U006,D020,Nuwara Eliya City,city;nature,nuwara eliya,0.5,1.0,0.31999999999999995,0.6456,0.536,0.57,0.85,0.6296599999999999,7
U006,D050,Gangaramaya Temple,heritage;religious,colombo,0.5,1.0,0.33999999999999997,0.7436,0.496,0.58,0.7559999999999999,0.62956,8
U006,D055,Negombo Beach,beach,gampaha,0.5,1.0,0.36,0.7547999999999999,0.45599999999999996,0.52,0.7306666666666667,0.6241466666666666,9
U006,D095,Aluvihare Rock Temple,heritage;religious,matale,0.5,1.0,0.36,0.658,0.42400000000000004,0.5,0.851,0.6223000000000001,10
U007,D030,Little Adam's Peak,nature;adventure,badulla,1.0,1.0,0.78,0.8192,0.5544,0.64,0.8153333333333332,0.8678933333333334,1
U007,D098,Ohiya,nature;adventure,badulla,1.0,1.0,0.76,0.8859999999999999,0.5544,0.66,0.6976666666666667,0.8608066666666667,2
U007,D034,Lipton's Seat,nature,badulla,1.0,1.0,0.74,0.736,0.5896,0.64,0.8246666666666668,0.8580266666666667,3
U007,D078,Rumassala Sanctuary,nature;wildlife,galle,1.0,1.0,0.74,0.7224,0.6335999999999999,0.58,0.7896666666666667,0.8545666666666667,4
U007,D036,Dunhinda Falls,nature,badulla,1.0,1.0,0.8,0.6456,0.5015999999999999,0.52,0.9103333333333333,0.8517533333333333,5
U007,D099,Baker's Falls,nature,nuwara eliya,1.0,1.0,0.6799999999999999,0.7224,0.5632,0.58,0.8073333333333332,0.8402933333333333,6
U007,D019,Hanthana Mountain Range,nature;adventure,kandy,1.0,1.0,0.64,0.8456000000000001,0.5456,0.68,0.7096666666666667,0.8400866666666666,7
U007,D029,Ella Rock,nature;adventure,badulla,1.0,1.0,0.5800000000000001,0.7492,0.5367999999999999,0.59,0.891,0.8341999999999998,8
U007,D017,Udawattakele Forest Reserve,nature,kandy,1.0,1.0,0.48,0.7656000000000001,0.6335999999999999,0.67,0.8613333333333334,0.8315533333333334,9
U007,D062,Adam's Peak,religious;nature,ratnapura,1.0,1.0,0.56,0.7912000000000001,0.5456,0.65,0.8009999999999998,0.8302799999999998,10
U008,D080,Weligama Bay,beach;adventure,matara,1.0,1.0,0.5,0.951,0.21200000000000002,0.47,0.7383333333333333,0.7886333333333332,1
U008,D040,Arugam Bay,beach;adventure,ampara,1.0,1.0,0.4,0.745,0.20400000000000001,0.57,0.7043333333333334,0.7538333333333334,2
U008,D035,Diyaluma Falls,nature;adventure,badulla,0.5,1.0,0.48,0.833,0.268,0.62,0.7606666666666667,0.6391666666666667,3
U008,D083,Hummanaya Blow Hole,nature;coastal,matara,0.5,1.0,0.31999999999999995,0.827,0.23199999999999998,0.67,0.8006666666666667,0.6174666666666666,4
U008,D062,Adam's Peak,religious;nature,ratnapura,0.5,1.0,0.43999999999999995,0.628,0.248,0.65,0.8009999999999998,0.6162,5
U008,D076,Jungle Beach,beach;nature,galle,0.5,1.0,0.28,0.8909999999999999,0.26,0.52,0.8246666666666668,0.6155666666666667,6
U008,D057,Kalpitiya Lagoon,marine;nature,puttalam,0.5,1.0,0.21999999999999997,0.996,0.288,0.61,0.7326666666666667,0.6151666666666666,7
U008,D019,Hanthana Mountain Range,nature;adventure,kandy,0.5,1.0,0.36,0.7839999999999999,0.248,0.68,0.7096666666666667,0.6121666666666666,8
U008,D092,Meemure,nature;village;adventure,kandy,0.5,1.0,0.5800000000000001,0.497,0.252,0.52,0.7273333333333335,0.6106333333333334,9
U008,D047,Marble Beach,beach,trincomalee,0.5,1.0,0.33999999999999997,0.7409999999999999,0.20800000000000002,0.61,0.7916666666666666,0.6055666666666666,10
U009,D069,Kalutara Bodhiya,religious;heritage,kalutara,1.0,1.0,0.86,0.844,0.264,0.63,0.8156666666666667,0.8528666666666667,1
U009,D046,Koneswaram Temple,heritage;religious,trincomalee,1.0,1.0,0.8,0.771,0.2976,0.53,0.856,0.83896,2
U009,D002,Dambulla Cave Temple,heritage,matale,1.0,1.0,0.8200000000000001,0.754,0.264,0.47,0.8336666666666667,0.8316666666666667,3
U009,D011,Nallur Kandaswamy Kovil,heritage;religious,jaffna,1.0,1.0,0.88,0.646,0.2928,0.59,0.7120000000000001,0.82658,4
U009,D010,Jaffna Fort,heritage,jaffna,1.0,1.0,0.6,0.942,0.2592,0.63,0.8450000000000001,0.8261199999999999,5
U009,D050,Gangaramaya Temple,heritage;religious,colombo,1.0,1.0,0.6599999999999999,0.789,0.2976,0.58,0.7559999999999999,0.81226,6
U009,D095,Aluvihare Rock Temple,heritage;religious,matale,1.0,1.0,0.64,0.795,0.2544,0.5,0.851,0.81104,7
U009,D045,Fort Frederick,heritage,trincomalee,1.0,1.0,0.84,0.52,0.27359999999999995,0.51,0.7506666666666666,0.8059266666666667,8
U009,D053,Dutch Hospital Colombo,heritage;city,colombo,1.0,1.0,0.6,0.673,0.288,0.63,0.7623333333333333,0.7938333333333334,9
U009,D014,Kandy Temple of the Tooth,heritage;religious,kandy,1.0,1.0,0.7,0.604,0.26880000000000004,0.59,0.718,0.79358,10
U010,D084,Rekawa Turtle Beach,beach;wildlife,hambantota,1.0,1.0,0.35,0.5,0.36960000000000004,0.6,0.8853333333333332,0.7579933333333334,1
U010,D078,Rumassala Sanctuary,nature;wildlife,galle,1.0,1.0,0.37,0.5,0.4032,0.58,0.7896666666666667,0.7537866666666668,2
U010,D057,Kalpitiya Lagoon,marine;nature,puttalam,1.0,1.0,0.39,0.5,0.4032,0.61,0.7326666666666667,0.7525866666666667,3
U010,D073,Kanneliya Forest Reserve,nature;wildlife,galle,1.0,1.0,0.38,0.5,0.3472,0.63,0.7873333333333333,0.7519533333333333,4
U010,D017,Udawattakele Forest Reserve,nature,kandy,1.0,1.0,0.24,0.5,0.4032,0.67,0.8613333333333334,0.7459533333333335,5
U010,D089,Kalametiya Bird Sanctuary,wildlife;nature,hambantota,1.0,1.0,0.36,0.5,0.3864,0.53,0.7306666666666666,0.7422066666666667,6
U010,D044,Pigeon Island National Park,marine;nature,trincomalee,1.0,1.0,0.33,0.5,0.392,0.65,0.6880000000000001,0.74,7
U010,D072,Madu River,nature;marine,galle,1.0,1.0,0.36,0.5,0.3808000000000001,0.56,0.6956666666666665,0.7396466666666668,8
U010,D096,Wasgamuwa National Park,wildlife;nature,matale,1.0,1.0,0.3,0.5,0.36400000000000005,0.57,0.7893333333333333,0.7388333333333333,9
U010,D090,Lunugamvehera National Park,wildlife;nature,monaragala,1.0,1.0,0.32,0.5,0.3976,0.57,0.717,0.7379600000000001,10
U011,D017,Udawattakele Forest Reserve,nature,kandy,1.0,1.0,0.52,0.7176,0.4608,0.67,0.8613333333333334,0.8154733333333333,1
U011,D035,Diyaluma Falls,nature;adventure,badulla,1.0,1.0,0.48,0.8011999999999999,0.4288,0.62,0.7606666666666667,0.8020666666666667,2
U011,D097,Haputale,nature;city,badulla,1.0,1.0,0.43999999999999995,0.8104,0.3904,0.52,0.874,0.79948,3
U011,D022,Horton Plains National Park,nature;wildlife,nuwara eliya,1.0,1.0,0.45999999999999996,0.6756,0.41600000000000004,0.64,0.7826666666666666,0.7884266666666666,4
U011,D009,Wilpattu National Park,wildlife;nature,puttalam,1.0,1.0,0.43999999999999995,0.7067999999999999,0.4032,0.68,0.7386666666666667,0.7848666666666666,5
U011,D024,Hakgala Botanical Garden,nature,nuwara eliya,1.0,1.0,0.38,0.8543999999999999,0.3968,0.57,0.7280000000000001,0.7834199999999999,6
U011,D015,Kandy Lake,nature;city,kandy,1.0,1.0,0.5,0.5904,0.4032,0.53,0.8246666666666668,0.7833266666666666,7
U011,D064,Udawalawe National Park,wildlife;nature,ratnapura,1.0,1.0,0.5,0.5864,0.4096,0.66,0.7563333333333334,0.7832333333333333,8
U011,D025,Ambewela Farm,nature;family,nuwara eliya,1.0,1.0,0.45999999999999996,0.7260000000000001,0.3712,0.61,0.7323333333333334,0.7824533333333333,9
U011,D086,Bundala National Park,wildlife;nature,hambantota,1.0,1.0,0.42000000000000004,0.6739999999999999,0.42240000000000005,0.57,0.7836666666666666,0.7795066666666667,10
U012,D012,Casuarina Beach,beach,jaffna,1.0,1.0,0.86,0.9424,0.41759999999999997,0.5,0.8140000000000001,0.8714000000000001,1
U012,D081,Polhena Beach,beach;marine,matara,1.0,1.0,0.9,0.8212,0.41039999999999993,0.55,0.773,0.86296,2
U012,D075,Unawatuna Beach,beach,galle,1.0,1.0,0.88,0.7343999999999999,0.41759999999999997,0.54,0.8626666666666667,0.8604666666666667,3
U012,D088,Tangalle Beach,beach,hambantota,1.0,1.0,0.74,0.9676,0.396,0.61,0.6786666666666666,0.8457266666666665,4
U012,D054,Mount Lavinia Beach,beach,colombo,1.0,1.0,0.74,0.7352,0.42479999999999996,0.62,0.8253333333333334,0.8405333333333334,5
U012,D047,Marble Beach,beach,trincomalee,1.0,1.0,0.6599999999999999,0.8924,0.3744,0.61,0.7916666666666666,0.8353466666666667,6
U012,D041,Pasikuda Beach,beach,batticaloa,1.0,1.0,0.7,0.8283999999999999,0.41759999999999997,0.51,0.7383333333333333,0.8289333333333333,7
U012,D079,Mirissa Beach,beach,matara,1.0,1.0,0.72,0.6876,0.4032,0.63,0.7326666666666668,0.8218466666666667,8
U012,D055,Negombo Beach,beach,gampaha,1.0,1.0,0.64,0.7628,0.41039999999999993,0.52,0.7306666666666667,0.8123866666666666,9
U012,D080,Weligama Bay,beach;adventure,matara,1.0,1.0,0.5,0.9444000000000001,0.3816,0.47,0.7383333333333333,0.8049333333333333,10
U013,D010,Jaffna Fort,heritage,jaffna,1.0,1.0,0.4,0.9419999999999998,0.43200000000000005,0.63,0.8450000000000001,0.8134,1
U013,D006,Anuradhapura Sacred City,heritage;religious,anuradhapura,1.0,1.0,0.42000000000000004,0.645,0.488,0.52,0.8436666666666667,0.7866666666666666,2
U013,D095,Aluvihare Rock Temple,heritage;religious,matale,1.0,1.0,0.36,0.7949999999999999,0.42400000000000004,0.5,0.851,0.786,3
U013,D061,Belilena Cave,heritage;nature,kegalle,1.0,1.0,0.4,0.665,0.488,0.68,0.6623333333333333,0.7755333333333334,4
U013,D037,Buduruwagala,heritage,monaragala,1.0,1.0,0.38,0.726,0.496,0.48,0.7026666666666667,0.7734666666666666,5
U013,D048,Colombo National Museum,heritage;culture,colombo,1.0,1.0,0.48,0.43600000000000005,0.46399999999999997,0.53,0.787,0.7671999999999999,6
U013,D008,Mihintale,heritage;religious,anuradhapura,1.0,1.0,0.26,0.808,0.488,0.57,0.6243333333333333,0.7595333333333333,7
U013,D005,Polonnaruwa Ancient City,heritage,polonnaruwa,1.0,1.0,0.36,0.46699999999999997,0.46399999999999997,0.62,0.7933333333333333,0.7574333333333334,8
U013,D007,Ritigala Monastery,heritage;nature,anuradhapura,1.0,1.0,0.42000000000000004,0.43600000000000005,0.48,0.53,0.7343333333333334,0.7545333333333333,9
U013,D002,Dambulla Cave Temple,heritage,matale,1.0,1.0,0.18000000000000005,0.7539999999999999,0.44000000000000006,0.47,0.8336666666666667,0.7532666666666668,10
U014,D057,Kalpitiya Lagoon,marine;nature,puttalam,1.0,1.0,0.78,0.996,0.6335999999999999,0.61,0.7326666666666667,0.8837266666666667,1
U014,D073,Kanneliya Forest Reserve,nature;wildlife,galle,1.0,1.0,0.76,0.647,0.5456,0.63,0.7873333333333333,0.8434933333333333,2
U014,D059,Pinnawala Elephant Orphanage,wildlife;family,kegalle,1.0,1.0,0.74,0.784,0.5456,0.5,0.7306666666666667,0.8420266666666667,3
U014,D084,Rekawa Turtle Beach,beach;wildlife,hambantota,1.0,1.0,0.7,0.545,0.5808,0.6,0.8853333333333332,0.8361133333333334,4
U014,D078,Rumassala Sanctuary,nature;wildlife,galle,1.0,1.0,0.74,0.496,0.6335999999999999,0.58,0.7896666666666667,0.8319266666666667,5
U014,D065,Udawalawe Elephant Transit Home,wildlife,ratnapura,1.0,1.0,0.62,0.764,0.5720000000000001,0.57,0.7403333333333334,0.8291333333333333,6
U014,D017,Udawattakele Forest Reserve,nature,kandy,1.0,1.0,0.48,0.704,0.6335999999999999,0.67,0.8613333333333334,0.8253933333333332,7
U014,D072,Madu River,nature;marine,galle,1.0,1.0,0.72,0.519,0.5984,0.56,0.6956666666666665,0.8173066666666666,8
U014,D063,Sinharaja Forest Reserve,nature;wildlife,ratnapura,1.0,1.0,0.52,0.739,0.6072,0.67,0.6953333333333332,0.8156533333333332,9
U014,D089,Kalametiya Bird Sanctuary,wildlife;nature,hambantota,1.0,1.0,0.72,0.457,0.6072,0.53,0.7306666666666666,0.8139866666666665,10
U015,D030,Little Adam's Peak,nature;adventure,badulla,1.0,1.0,0.39,0.5,0.252,0.64,0.8153333333333332,0.7472333333333334,1
U015,D018,Knuckles Mountain Range,nature;adventure,matale,1.0,1.0,0.4,0.5,0.252,0.62,0.7553333333333333,0.7417333333333335,2
U015,D029,Ella Rock,nature;adventure,badulla,1.0,1.0,0.29,0.5,0.244,0.59,0.891,0.7364999999999999,3
U015,D098,Ohiya,nature;adventure,badulla,1.0,1.0,0.38,0.5,0.252,0.66,0.6976666666666667,0.7349666666666667,4
U015,D023,World's End,nature;adventure,nuwara eliya,1.0,1.0,0.3,0.5,0.252,0.58,0.8140000000000001,0.7306000000000001,5
U015,D062,Adam's Peak,religious;nature,ratnapura,1.0,1.0,0.28,0.5,0.248,0.65,0.8009999999999998,0.7294,6
U015,D019,Hanthana Mountain Range,nature;adventure,kandy,1.0,1.0,0.32,0.5,0.248,0.68,0.7096666666666667,0.7277666666666668,7
U015,D093,Riverston,nature;adventure,matale,1.0,1.0,0.34,0.5,0.22799999999999998,0.58,0.731,0.7259000000000002,8
U015,D035,Diyaluma Falls,nature;adventure,badulla,1.0,1.0,0.26,0.5,0.268,0.62,0.7606666666666667,0.7228666666666668,9
U015,D091,Madulsima Mini World's End,nature;adventure,badulla,1.0,1.0,0.3,0.5,0.26,0.58,0.7120000000000001,0.7212000000000002,10
U016,D053,Dutch Hospital Colombo,heritage;city,colombo,1.0,1.0,0.4,0.7772000000000001,0.288,0.63,0.7623333333333333,0.7742533333333335,1
U016,D010,Jaffna Fort,heritage,jaffna,0.5,1.0,0.4,0.7687999999999999,0.2592,0.63,0.8450000000000001,0.6287999999999999,2
U016,D068,Ratnapura Gem Museum Area,culture;heritage,ratnapura,0.5,1.0,0.54,0.6536,0.26880000000000004,0.62,0.7083333333333334,0.6250733333333334,3
U016,D015,Kandy Lake,nature;city,kandy,0.5,1.0,0.5,0.5904,0.3024,0.53,0.8246666666666668,0.6232466666666667,4
U016,D006,Anuradhapura Sacred City,heritage;religious,anuradhapura,0.5,1.0,0.42000000000000004,0.6499999999999999,0.2928,0.52,0.8436666666666667,0.6176466666666667,5
U016,D092,Meemure,nature;village;adventure,kandy,0.5,1.0,0.5800000000000001,0.5028000000000001,0.3024,0.52,0.7273333333333335,0.6162533333333334,6
U016,D050,Gangaramaya Temple,heritage;religious,colombo,0.5,1.0,0.33999999999999997,0.7436,0.2976,0.58,0.7559999999999999,0.60972,7
U016,D020,Nuwara Eliya City,city;nature,nuwara eliya,0.5,1.0,0.31999999999999995,0.6456,0.3216,0.57,0.85,0.60822,8
U016,D055,Negombo Beach,beach,gampaha,0.5,1.0,0.36,0.7547999999999999,0.27359999999999995,0.52,0.7306666666666667,0.6059066666666666,9
U016,D095,Aluvihare Rock Temple,heritage;religious,matale,0.5,1.0,0.36,0.658,0.2544,0.5,0.851,0.60534,10
U017,D030,Little Adam's Peak,nature;adventure,badulla,1.0,1.0,0.78,0.8192,0.35280000000000006,0.64,0.8153333333333332,0.8477333333333333,1
U017,D100,Pekoe Trail - Tea Country Section,nature;adventure;culture,nuwara eliya,1.0,1.0,0.78,0.9104000000000001,0.3304,0.62,0.7496666666666667,0.8470466666666666,2
U017,D018,Knuckles Mountain Range,nature;adventure,matale,1.0,1.0,0.8,0.7976,0.35280000000000006,0.62,0.7553333333333333,0.8415733333333333,3
U017,D098,Ohiya,nature;adventure,badulla,1.0,1.0,0.76,0.8859999999999999,0.35280000000000006,0.66,0.6976666666666667,0.8406466666666667,4
U017,D034,Lipton's Seat,nature,badulla,1.0,1.0,0.74,0.736,0.37520000000000003,0.64,0.8246666666666668,0.8365866666666667,5
U017,D036,Dunhinda Falls,nature,badulla,1.0,1.0,0.8,0.6456,0.3192,0.52,0.9103333333333333,0.8335133333333332,6
U017,D078,Rumassala Sanctuary,nature;wildlife,galle,1.0,1.0,0.74,0.7224,0.4032,0.58,0.7896666666666667,0.8315266666666667,7
U017,D073,Kanneliya Forest Reserve,nature;wildlife,galle,1.0,1.0,0.76,0.6828000000000001,0.3472,0.63,0.7873333333333333,0.8272333333333333,8
U017,D019,Hanthana Mountain Range,nature;adventure,kandy,1.0,1.0,0.64,0.8456000000000001,0.3472,0.68,0.7096666666666667,0.8202466666666667,9
U017,D099,Baker's Falls,nature,nuwara eliya,1.0,1.0,0.6799999999999999,0.7224,0.35840000000000005,0.58,0.8073333333333332,0.8198133333333333,10
U018,D080,Weligama Bay,beach;adventure,matara,1.0,1.0,0.5,0.951,0.3392,0.47,0.7383333333333333,0.8013533333333331,1
U018,D040,Arugam Bay,beach;adventure,ampara,1.0,1.0,0.4,0.745,0.3264,0.57,0.7043333333333334,0.7660733333333334,2
U018,D035,Diyaluma Falls,nature;adventure,badulla,0.5,1.0,0.48,0.833,0.4288,0.62,0.7606666666666667,0.6552466666666668,3
U018,D009,Wilpattu National Park,wildlife;nature,puttalam,0.5,1.0,0.43999999999999995,0.827,0.4032,0.68,0.7386666666666667,0.6468866666666666,4
U018,D057,Kalpitiya Lagoon,marine;nature,puttalam,0.5,1.0,0.21999999999999997,0.996,0.4608,0.61,0.7326666666666667,0.6324466666666666,5
U018,D083,Hummanaya Blow Hole,nature;coastal,matara,0.5,1.0,0.31999999999999995,0.827,0.3712,0.67,0.8006666666666667,0.6313866666666665,6
U018,D076,Jungle Beach,beach;nature,galle,0.5,1.0,0.28,0.8909999999999999,0.41600000000000004,0.52,0.8246666666666668,0.6311666666666667,7
U018,D062,Adam's Peak,religious;nature,ratnapura,0.5,1.0,0.43999999999999995,0.628,0.3968,0.65,0.8009999999999998,0.63108,8
U018,D019,Hanthana Mountain Range,nature;adventure,kandy,0.5,1.0,0.36,0.7839999999999999,0.3968,0.68,0.7096666666666667,0.6270466666666666,9
U018,D092,Meemure,nature;village;adventure,kandy,0.5,1.0,0.5800000000000001,0.497,0.4032,0.52,0.7273333333333335,0.6257533333333334,10
U019,D069,Kalutara Bodhiya,religious;heritage,kalutara,1.0,1.0,0.86,0.844,0.396,0.63,0.8156666666666667,0.8660666666666667,1
U019,D046,Koneswaram Temple,heritage;religious,trincomalee,1.0,1.0,0.8,0.771,0.44639999999999996,0.53,0.856,0.85384,2
U019,D002,Dambulla Cave Temple,heritage,matale,1.0,1.0,0.8200000000000001,0.754,0.396,0.47,0.8336666666666667,0.8448666666666667,3
U019,D011,Nallur Kandaswamy Kovil,heritage;religious,jaffna,1.0,1.0,0.88,0.646,0.4392,0.59,0.7120000000000001,0.84122,4
U019,D010,Jaffna Fort,heritage,jaffna,1.0,1.0,0.6,0.942,0.38880000000000003,0.63,0.8450000000000001,0.8390799999999999,5
U019,D050,Gangaramaya Temple,heritage;religious,colombo,1.0,1.0,0.6599999999999999,0.789,0.44639999999999996,0.58,0.7559999999999999,0.82714,6
U019,D095,Aluvihare Rock Temple,heritage;religious,matale,1.0,1.0,0.64,0.795,0.3816,0.5,0.851,0.82376,7
U019,D045,Fort Frederick,heritage,trincomalee,1.0,1.0,0.84,0.52,0.41039999999999993,0.51,0.7506666666666666,0.8196066666666666,8
U019,D053,Dutch Hospital Colombo,heritage;city,colombo,1.0,1.0,0.6,0.673,0.432,0.63,0.7623333333333333,0.8082333333333334,9
U019,D014,Kandy Temple of the Tooth,heritage;religious,kandy,1.0,1.0,0.7,0.604,0.4032,0.59,0.718,0.80702,10
U020,D084,Rekawa Turtle Beach,beach;wildlife,hambantota,1.0,1.0,0.35,0.5,0.528,0.6,0.8853333333333332,0.7738333333333334,1
U020,D078,Rumassala Sanctuary,nature;wildlife,galle,1.0,1.0,0.37,0.5,0.576,0.58,0.7896666666666667,0.7710666666666668,2
U020,D057,Kalpitiya Lagoon,marine;nature,puttalam,1.0,1.0,0.39,0.5,0.576,0.61,0.7326666666666667,0.7698666666666667,3
U020,D073,Kanneliya Forest Reserve,nature;wildlife,galle,1.0,1.0,0.38,0.5,0.496,0.63,0.7873333333333333,0.7668333333333333,4
U020,D017,Udawattakele Forest Reserve,nature,kandy,1.0,1.0,0.24,0.5,0.576,0.67,0.8613333333333334,0.7632333333333334,5
U020,D089,Kalametiya Bird Sanctuary,wildlife;nature,hambantota,1.0,1.0,0.36,0.5,0.5519999999999999,0.53,0.7306666666666666,0.7587666666666667,6
U020,D072,Madu River,nature;marine,galle,1.0,1.0,0.36,0.5,0.544,0.56,0.6956666666666665,0.7559666666666668,7
U020,D022,Horton Plains National Park,nature;wildlife,nuwara eliya,1.0,1.0,0.27,0.5,0.52,0.64,0.7826666666666666,0.7527666666666668,8
U020,D063,Sinharaja Forest Reserve,nature;wildlife,ratnapura,1.0,1.0,0.26,0.5,0.5519999999999999,0.67,0.6953333333333332,0.7472333333333334,9
U020,D056,Muthurajawela Wetland,nature;wildlife,gampaha,1.0,1.0,0.29,0.5,0.496,0.6,0.7120000000000001,0.7443000000000001,10
U021,D017,Udawattakele Forest Reserve,nature,kandy,1.0,1.0,0.52,0.7176,0.6335999999999999,0.67,0.8613333333333334,0.8327533333333332,1
U021,D035,Diyaluma Falls,nature;adventure,badulla,1.0,1.0,0.48,0.8011999999999999,0.5896,0.62,0.7606666666666667,0.8181466666666666,2
U021,D097,Haputale,nature;city,badulla,1.0,1.0,0.43999999999999995,0.8104,0.5367999999999999,0.52,0.874,0.81412,3
U021,D022,Horton Plains National Park,nature;wildlife,nuwara eliya,1.0,1.0,0.45999999999999996,0.6756,0.5720000000000001,0.64,0.7826666666666666,0.8040266666666667,4
U021,D015,Kandy Lake,nature;city,kandy,1.0,1.0,0.5,0.5904,0.5544,0.53,0.8246666666666668,0.7984466666666666,5
U021,D024,Hakgala Botanical Garden,nature,nuwara eliya,1.0,1.0,0.38,0.8543999999999999,0.5456,0.57,0.7280000000000001,0.7982999999999998,6
U021,D025,Ambewela Farm,nature;family,nuwara eliya,1.0,1.0,0.45999999999999996,0.7260000000000001,0.5104,0.61,0.7323333333333334,0.7963733333333333,7
U021,D063,Sinharaja Forest Reserve,nature;wildlife,ratnapura,1.0,1.0,0.48,0.5996000000000001,0.6072,0.67,0.6953333333333332,0.7957133333333333,8
U021,D026,Lover's Leap Waterfall,nature,nuwara eliya,1.0,1.0,0.48,0.5788,0.528,0.63,0.7789999999999999,0.7920799999999999,9
U021,D083,Hummanaya Blow Hole,nature;coastal,matara,1.0,1.0,0.31999999999999995,0.7748,0.5104,0.67,0.8006666666666667,0.7900866666666666,10
U022,D012,Casuarina Beach,beach,jaffna,1.0,1.0,0.86,0.9424,0.23199999999999998,0.5,0.8140000000000001,0.85284,1
U022,D081,Polhena Beach,beach;marine,matara,1.0,1.0,0.9,0.8212,0.22799999999999998,0.55,0.773,0.84472,2
U022,D075,Unawatuna Beach,beach,galle,1.0,1.0,0.88,0.7343999999999999,0.23199999999999998,0.54,0.8626666666666667,0.8419066666666667,3
U022,D088,Tangalle Beach,beach,hambantota,1.0,1.0,0.74,0.9676,0.22000000000000003,0.61,0.6786666666666666,0.8281266666666666,4
U022,D054,Mount Lavinia Beach,beach,colombo,1.0,1.0,0.74,0.7352,0.236,0.62,0.8253333333333334,0.8216533333333333,5
U022,D047,Marble Beach,beach,trincomalee,1.0,1.0,0.6599999999999999,0.8924,0.20800000000000002,0.61,0.7916666666666666,0.8187066666666667,6
U022,D041,Pasikuda Beach,beach,batticaloa,1.0,1.0,0.7,0.8283999999999999,0.23199999999999998,0.51,0.7383333333333333,0.8103733333333333,7
U022,D079,Mirissa Beach,beach,matara,1.0,1.0,0.72,0.6876,0.22400000000000003,0.63,0.7326666666666668,0.8039266666666667,8
U022,D055,Negombo Beach,beach,gampaha,1.0,1.0,0.64,0.7628,0.22799999999999998,0.52,0.7306666666666667,0.7941466666666668,9
U022,D080,Weligama Bay,beach;adventure,matara,1.0,1.0,0.5,0.9444000000000001,0.21200000000000002,0.47,0.7383333333333333,0.7879733333333333,10
U023,D010,Jaffna Fort,heritage,jaffna,1.0,1.0,0.4,0.9419999999999998,0.2592,0.63,0.8450000000000001,0.79612,1
U023,D095,Aluvihare Rock Temple,heritage;religious,matale,1.0,1.0,0.36,0.7949999999999999,0.2544,0.5,0.851,0.7690400000000002,2
U023,D006,Anuradhapura Sacred City,heritage;religious,anuradhapura,1.0,1.0,0.42000000000000004,0.645,0.2928,0.52,0.8436666666666667,0.7671466666666666,3
U023,D061,Belilena Cave,heritage;nature,kegalle,1.0,1.0,0.4,0.665,0.2928,0.68,0.6623333333333333,0.7560133333333334,4
U023,D037,Buduruwagala,heritage,monaragala,1.0,1.0,0.38,0.726,0.2976,0.48,0.7026666666666667,0.7536266666666667,5
U023,D048,Colombo National Museum,heritage;culture,colombo,1.0,1.0,0.48,0.43600000000000005,0.2784,0.53,0.787,0.7486399999999999,6
U023,D008,Mihintale,heritage;religious,anuradhapura,1.0,1.0,0.26,0.808,0.2928,0.57,0.6243333333333333,0.7400133333333333,7
U023,D005,Polonnaruwa Ancient City,heritage,polonnaruwa,1.0,1.0,0.36,0.46699999999999997,0.2784,0.62,0.7933333333333333,0.7388733333333334,8
U023,D002,Dambulla Cave Temple,heritage,matale,1.0,1.0,0.18000000000000005,0.7539999999999999,0.264,0.47,0.8336666666666667,0.7356666666666667,9
U023,D007,Ritigala Monastery,heritage;nature,anuradhapura,1.0,1.0,0.42000000000000004,0.43600000000000005,0.288,0.53,0.7343333333333334,0.7353333333333333,10
U024,D057,Kalpitiya Lagoon,marine;nature,puttalam,1.0,1.0,0.78,0.996,0.4032,0.61,0.7326666666666667,0.8606866666666667,1
U024,D039,Kumana National Park,wildlife;nature,ampara,1.0,1.0,0.76,0.846,0.3864,0.65,0.648,0.83454,2
U024,D073,Kanneliya Forest Reserve,nature;wildlife,galle,1.0,1.0,0.76,0.647,0.3472,0.63,0.7873333333333333,0.8236533333333332,3
U024,D059,Pinnawala Elephant Orphanage,wildlife;family,kegalle,1.0,1.0,0.74,0.784,0.3472,0.5,0.7306666666666667,0.8221866666666666,4
U024,D090,Lunugamvehera National Park,wildlife;nature,monaragala,1.0,1.0,0.64,0.798,0.3976,0.57,0.717,0.8157599999999999,5
U024,D084,Rekawa Turtle Beach,beach;wildlife,hambantota,1.0,1.0,0.7,0.545,0.36960000000000004,0.6,0.8853333333333332,0.8149933333333333,6
U024,D038,Gal Oya National Park,wildlife;nature,ampara,1.0,1.0,0.72,0.626,0.36400000000000005,0.65,0.7426666666666666,0.8137666666666666,7
U024,D009,Wilpattu National Park,wildlife;nature,puttalam,1.0,1.0,0.56,0.827,0.35280000000000006,0.68,0.7386666666666667,0.8098466666666666,8
U024,D078,Rumassala Sanctuary,nature;wildlife,galle,1.0,1.0,0.74,0.496,0.4032,0.58,0.7896666666666667,0.8088866666666668,9
U024,D065,Udawalawe Elephant Transit Home,wildlife,ratnapura,1.0,1.0,0.62,0.764,0.36400000000000005,0.57,0.7403333333333334,0.8083333333333333,10
U025,D030,Little Adam's Peak,nature;adventure,badulla,1.0,1.0,0.39,0.5,0.4032,0.64,0.8153333333333332,0.7623533333333334,1
U025,D029,Ella Rock,nature;adventure,badulla,1.0,1.0,0.29,0.5,0.3904,0.59,0.891,0.7511399999999999,2
U025,D098,Ohiya,nature;adventure,badulla,1.0,1.0,0.38,0.5,0.4032,0.66,0.6976666666666667,0.7500866666666667,3
U025,D062,Adam's Peak,religious;nature,ratnapura,1.0,1.0,0.28,0.5,0.3968,0.65,0.8009999999999998,0.74428,4
U025,D019,Hanthana Mountain Range,nature;adventure,kandy,1.0,1.0,0.32,0.5,0.3968,0.68,0.7096666666666667,0.7426466666666668,5
U025,D035,Diyaluma Falls,nature;adventure,badulla,1.0,1.0,0.26,0.5,0.4288,0.62,0.7606666666666667,0.7389466666666669,6
U025,D091,Madulsima Mini World's End,nature;adventure,badulla,1.0,1.0,0.3,0.5,0.41600000000000004,0.58,0.7120000000000001,0.7368000000000001,7
U025,D093,Riverston,nature;adventure,matale,1.0,0.6000000000000001,0.34,0.5,0.36479999999999996,0.58,0.731,0.65958,8
U025,D036,Dunhinda Falls,nature,badulla,0.5,1.0,0.4,0.5,0.36479999999999996,0.52,0.9103333333333333,0.6135133333333332,9
U025,D034,Lipton's Seat,nature,badulla,0.5,1.0,0.37,0.5,0.4288,0.64,0.8246666666666668,0.6128466666666667,10
U026,D053,Dutch Hospital Colombo,heritage;city,colombo,1.0,1.0,0.4,0.7772000000000001,0.432,0.63,0.7623333333333333,0.7886533333333334,1
U026,D010,Jaffna Fort,heritage,jaffna,0.5,1.0,0.4,0.7687999999999999,0.38880000000000003,0.63,0.8450000000000001,0.64176,2
U026,D068,Ratnapura Gem Museum Area,culture;heritage,ratnapura,0.5,1.0,0.54,0.6536,0.4032,0.62,0.7083333333333334,0.6385133333333334,3
U026,D015,Kandy Lake,nature;city,kandy,0.5,1.0,0.5,0.5904,0.4536,0.53,0.8246666666666668,0.6383666666666666,4
U026,D006,Anuradhapura Sacred City,heritage;religious,anuradhapura,0.5,1.0,0.42000000000000004,0.6499999999999999,0.4392,0.52,0.8436666666666667,0.6322866666666667,5
U026,D092,Meemure,nature;village;adventure,kandy,0.5,1.0,0.5800000000000001,0.5028000000000001,0.4536,0.52,0.7273333333333335,0.6313733333333333,6
U026,D050,Gangaramaya Temple,heritage;religious,colombo,0.5,1.0,0.33999999999999997,0.7436,0.44639999999999996,0.58,0.7559999999999999,0.6246,7
U026,D020,Nuwara Eliya City,city;nature,nuwara eliya,0.5,1.0,0.31999999999999995,0.6456,0.4824,0.57,0.85,0.6242999999999999,8
U026,D055,Negombo Beach,beach,gampaha,0.5,1.0,0.36,0.7547999999999999,0.41039999999999993,0.52,0.7306666666666667,0.6195866666666667,9
U026,D095,Aluvihare Rock Temple,heritage;religious,matale,0.5,1.0,0.36,0.658,0.3816,0.5,0.851,0.61806,10
U027,D030,Little Adam's Peak,nature;adventure,badulla,1.0,1.0,0.78,0.8192,0.504,0.64,0.8153333333333332,0.8628533333333334,1
U027,D100,Pekoe Trail - Tea Country Section,nature;adventure;culture,nuwara eliya,1.0,1.0,0.78,0.9104000000000001,0.472,0.62,0.7496666666666667,0.8612066666666667,2
U027,D018,Knuckles Mountain Range,nature;adventure,matale,1.0,1.0,0.8,0.7976,0.504,0.62,0.7553333333333333,0.8566933333333333,3
U027,D098,Ohiya,nature;adventure,badulla,1.0,1.0,0.76,0.8859999999999999,0.504,0.66,0.6976666666666667,0.8557666666666667,4
U027,D034,Lipton's Seat,nature,badulla,1.0,1.0,0.74,0.736,0.536,0.64,0.8246666666666668,0.8526666666666667,5
U027,D078,Rumassala Sanctuary,nature;wildlife,galle,1.0,1.0,0.74,0.7224,0.576,0.58,0.7896666666666667,0.8488066666666667,6
U027,D036,Dunhinda Falls,nature,badulla,1.0,1.0,0.8,0.6456,0.45599999999999996,0.52,0.9103333333333333,0.8471933333333332,7
U027,D073,Kanneliya Forest Reserve,nature;wildlife,galle,1.0,1.0,0.76,0.6828000000000001,0.496,0.63,0.7873333333333333,0.8421133333333333,8
U027,D099,Baker's Falls,nature,nuwara eliya,1.0,1.0,0.6799999999999999,0.7224,0.512,0.58,0.8073333333333332,0.8351733333333333,9
U027,D019,Hanthana Mountain Range,nature;adventure,kandy,1.0,1.0,0.64,0.8456000000000001,0.496,0.68,0.7096666666666667,0.8351266666666667,10
U028,D080,Weligama Bay,beach;adventure,matara,1.0,1.0,0.5,0.951,0.46640000000000004,0.47,0.7383333333333333,0.8140733333333332,1
U028,D040,Arugam Bay,beach;adventure,ampara,1.0,1.0,0.4,0.745,0.44880000000000003,0.57,0.7043333333333334,0.7783133333333334,2
U028,D035,Diyaluma Falls,nature;adventure,badulla,0.5,1.0,0.48,0.833,0.5896,0.62,0.7606666666666667,0.6713266666666666,3
U028,D057,Kalpitiya Lagoon,marine;nature,puttalam,0.5,1.0,0.21999999999999997,0.996,0.6335999999999999,0.61,0.7326666666666667,0.6497266666666667,4
U028,D076,Jungle Beach,beach;nature,galle,0.5,1.0,0.28,0.8909999999999999,0.5720000000000001,0.52,0.8246666666666668,0.6467666666666667,5
U028,D062,Adam's Peak,religious;nature,ratnapura,0.5,1.0,0.43999999999999995,0.628,0.5456,0.65,0.8009999999999998,0.64596,6
U028,D083,Hummanaya Blow Hole,nature;coastal,matara,0.5,1.0,0.31999999999999995,0.827,0.5104,0.67,0.8006666666666667,0.6453066666666667,7
U028,D019,Hanthana Mountain Range,nature;adventure,kandy,0.5,1.0,0.36,0.7839999999999999,0.5456,0.68,0.7096666666666667,0.6419266666666665,8
U028,D092,Meemure,nature;village;adventure,kandy,0.5,1.0,0.5800000000000001,0.497,0.5544,0.52,0.7273333333333335,0.6408733333333334,9
U028,D096,Wasgamuwa National Park,wildlife;nature,matale,0.5,1.0,0.4,0.604,0.5720000000000001,0.57,0.7893333333333333,0.6350333333333332,10
U029,D069,Kalutara Bodhiya,religious;heritage,kalutara,1.0,1.0,0.86,0.844,0.22000000000000003,0.63,0.8156666666666667,0.8484666666666667,1
U029,D046,Koneswaram Temple,heritage;religious,trincomalee,1.0,1.0,0.8,0.771,0.248,0.53,0.856,0.8340000000000001,2
U029,D002,Dambulla Cave Temple,heritage,matale,1.0,1.0,0.8200000000000001,0.754,0.22000000000000003,0.47,0.8336666666666667,0.8272666666666667,3
U029,D010,Jaffna Fort,heritage,jaffna,1.0,1.0,0.6,0.942,0.21600000000000003,0.63,0.8450000000000001,0.8217999999999999,4
U029,D011,Nallur Kandaswamy Kovil,heritage;religious,jaffna,1.0,1.0,0.88,0.646,0.244,0.59,0.7120000000000001,0.8217,5
U029,D050,Gangaramaya Temple,heritage;religious,colombo,1.0,1.0,0.6599999999999999,0.789,0.248,0.58,0.7559999999999999,0.8073,6
U029,D095,Aluvihare Rock Temple,heritage;religious,matale,1.0,1.0,0.64,0.795,0.21200000000000002,0.5,0.851,0.8068,7
U029,D045,Fort Frederick,heritage,trincomalee,1.0,1.0,0.84,0.52,0.22799999999999998,0.51,0.7506666666666666,0.8013666666666668,8
U029,D014,Kandy Temple of the Tooth,heritage;religious,kandy,1.0,1.0,0.7,0.604,0.22400000000000003,0.59,0.718,0.7890999999999999,9
U029,D053,Dutch Hospital Colombo,heritage;city,colombo,1.0,1.0,0.6,0.673,0.24,0.63,0.7623333333333333,0.7890333333333334,10
U030,D084,Rekawa Turtle Beach,beach;wildlife,hambantota,1.0,1.0,0.35,0.5,0.3168,0.6,0.8853333333333332,0.7527133333333335,1
U030,D078,Rumassala Sanctuary,nature;wildlife,galle,1.0,1.0,0.37,0.5,0.34559999999999996,0.58,0.7896666666666667,0.7480266666666668,2
U030,D073,Kanneliya Forest Reserve,nature;wildlife,galle,1.0,1.0,0.38,0.5,0.2976,0.63,0.7873333333333333,0.7469933333333333,3
U030,D057,Kalpitiya Lagoon,marine;nature,puttalam,1.0,1.0,0.39,0.5,0.34559999999999996,0.61,0.7326666666666667,0.7468266666666667,4
U030,D003,Minneriya National Park,wildlife;nature,polonnaruwa,1.0,1.0,0.35,0.5,0.33599999999999997,0.59,0.7719999999999999,0.7427999999999999,5
U030,D038,Gal Oya National Park,wildlife;nature,ampara,1.0,1.0,0.36,0.5,0.312,0.65,0.7426666666666666,0.7419666666666668,6
U030,D085,Yala National Park,wildlife;nature,hambantota,1.0,1.0,0.34,0.5,0.3168,0.63,0.7666666666666666,0.7408466666666668,7
U030,D017,Udawattakele Forest Reserve,nature,kandy,1.0,1.0,0.24,0.5,0.34559999999999996,0.67,0.8613333333333334,0.7401933333333335,8
U030,D039,Kumana National Park,wildlife;nature,ampara,1.0,1.0,0.38,0.5,0.33119999999999994,0.65,0.648,0.73742,9
U030,D089,Kalametiya Bird Sanctuary,wildlife;nature,hambantota,1.0,1.0,0.36,0.5,0.33119999999999994,0.53,0.7306666666666666,0.7366866666666667,10
U031,D017,Udawattakele Forest Reserve,nature,kandy,1.0,1.0,0.52,0.7176,0.4032,0.67,0.8613333333333334,0.8097133333333333,1
U031,D035,Diyaluma Falls,nature;adventure,badulla,1.0,1.0,0.48,0.8011999999999999,0.37520000000000003,0.62,0.7606666666666667,0.7967066666666667,2
U031,D097,Haputale,nature;city,badulla,1.0,1.0,0.43999999999999995,0.8104,0.3416,0.52,0.874,0.7946,3
U031,D024,Hakgala Botanical Garden,nature,nuwara eliya,1.0,1.0,0.38,0.8543999999999999,0.3472,0.57,0.7280000000000001,0.7784599999999998,4
U031,D015,Kandy Lake,nature;city,kandy,1.0,1.0,0.5,0.5904,0.35280000000000006,0.53,0.8246666666666668,0.7782866666666666,5
U031,D025,Ambewela Farm,nature;family,nuwara eliya,1.0,1.0,0.45999999999999996,0.7260000000000001,0.32480000000000003,0.61,0.7323333333333334,0.7778133333333332,6
U031,D026,Lover's Leap Waterfall,nature,nuwara eliya,1.0,1.0,0.48,0.5788,0.336,0.63,0.7789999999999999,0.7728799999999999,7
U031,D083,Hummanaya Blow Hole,nature;coastal,matara,1.0,1.0,0.31999999999999995,0.7748,0.32480000000000003,0.67,0.8006666666666667,0.7715266666666667,8
U031,D016,Royal Botanical Gardens Peradeniya,nature,kandy,1.0,1.0,0.28,0.788,0.37520000000000003,0.55,0.8213333333333334,0.7679533333333333,9
U031,D084,Rekawa Turtle Beach,beach;wildlife,hambantota,1.0,1.0,0.30000000000000004,0.6739999999999999,0.36960000000000004,0.6,0.8853333333333332,0.7678933333333334,10
U032,D012,Casuarina Beach,beach,jaffna,1.0,1.0,0.86,0.9424,0.3712,0.5,0.8140000000000001,0.8667600000000001,1
U032,D081,Polhena Beach,beach;marine,matara,1.0,1.0,0.9,0.8212,0.36479999999999996,0.55,0.773,0.8583999999999999,2
U032,D075,Unawatuna Beach,beach,galle,1.0,1.0,0.88,0.7343999999999999,0.3712,0.54,0.8626666666666667,0.8558266666666667,3
U032,D088,Tangalle Beach,beach,hambantota,1.0,1.0,0.74,0.9676,0.35200000000000004,0.61,0.6786666666666666,0.8413266666666666,4
U032,D054,Mount Lavinia Beach,beach,colombo,1.0,1.0,0.74,0.7352,0.3776,0.62,0.8253333333333334,0.8358133333333334,5
U032,D047,Marble Beach,beach,trincomalee,1.0,1.0,0.6599999999999999,0.8924,0.33280000000000004,0.61,0.7916666666666666,0.8311866666666665,6
U032,D041,Pasikuda Beach,beach,batticaloa,1.0,1.0,0.7,0.8283999999999999,0.3712,0.51,0.7383333333333333,0.8242933333333333,7
U032,D079,Mirissa Beach,beach,matara,1.0,1.0,0.72,0.6876,0.35840000000000005,0.63,0.7326666666666668,0.8173666666666667,8
U032,D055,Negombo Beach,beach,gampaha,1.0,1.0,0.64,0.7628,0.36479999999999996,0.52,0.7306666666666667,0.8078266666666667,9
U032,D080,Weligama Bay,beach;adventure,matara,1.0,1.0,0.5,0.9444000000000001,0.3392,0.47,0.7383333333333333,0.8006933333333333,10
U033,D010,Jaffna Fort,heritage,jaffna,1.0,1.0,0.4,0.9419999999999998,0.38880000000000003,0.63,0.8450000000000001,0.80908,1
U033,D006,Anuradhapura Sacred City,heritage;religious,anuradhapura,1.0,1.0,0.42000000000000004,0.645,0.4392,0.52,0.8436666666666667,0.7817866666666666,2
U033,D095,Aluvihare Rock Temple,heritage;religious,matale,1.0,1.0,0.36,0.7949999999999999,0.3816,0.5,0.851,0.78176,3
U033,D061,Belilena Cave,heritage;nature,kegalle,1.0,1.0,0.4,0.665,0.4392,0.68,0.6623333333333333,0.7706533333333334,4
U033,D037,Buduruwagala,heritage,monaragala,1.0,1.0,0.38,0.726,0.44639999999999996,0.48,0.7026666666666667,0.7685066666666667,5
U033,D048,Colombo National Museum,heritage;culture,colombo,1.0,1.0,0.48,0.43600000000000005,0.41759999999999997,0.53,0.787,0.7625599999999999,6
U033,D008,Mihintale,heritage;religious,anuradhapura,1.0,1.0,0.26,0.808,0.4392,0.57,0.6243333333333333,0.7546533333333333,7
U033,D005,Polonnaruwa Ancient City,heritage,polonnaruwa,1.0,1.0,0.36,0.46699999999999997,0.41759999999999997,0.62,0.7933333333333333,0.7527933333333334,8
U033,D007,Ritigala Monastery,heritage;nature,anuradhapura,1.0,1.0,0.42000000000000004,0.43600000000000005,0.432,0.53,0.7343333333333334,0.7497333333333333,9
U033,D002,Dambulla Cave Temple,heritage,matale,1.0,1.0,0.18000000000000005,0.7539999999999999,0.396,0.47,0.8336666666666667,0.7488666666666667,10
U034,D057,Kalpitiya Lagoon,marine;nature,puttalam,1.0,1.0,0.78,0.996,0.576,0.61,0.7326666666666667,0.8779666666666667,1
U034,D073,Kanneliya Forest Reserve,nature;wildlife,galle,1.0,1.0,0.76,0.647,0.496,0.63,0.7873333333333333,0.8385333333333332,2
U034,D059,Pinnawala Elephant Orphanage,wildlife;family,kegalle,1.0,1.0,0.74,0.784,0.496,0.5,0.7306666666666667,0.8370666666666666,3
U034,D090,Lunugamvehera National Park,wildlife;nature,monaragala,1.0,1.0,0.64,0.798,0.568,0.57,0.717,0.8327999999999999,4
U034,D084,Rekawa Turtle Beach,beach;wildlife,hambantota,1.0,1.0,0.7,0.545,0.528,0.6,0.8853333333333332,0.8308333333333333,5
U034,D078,Rumassala Sanctuary,nature;wildlife,galle,1.0,1.0,0.74,0.496,0.576,0.58,0.7896666666666667,0.8261666666666667,6
U034,D065,Udawalawe Elephant Transit Home,wildlife,ratnapura,1.0,1.0,0.62,0.764,0.52,0.57,0.7403333333333334,0.8239333333333334,7
U034,D086,Bundala National Park,wildlife;nature,hambantota,1.0,1.0,0.5800000000000001,0.765,0.528,0.57,0.7836666666666666,0.8231666666666666,8
U034,D039,Kumana National Park,wildlife;nature,ampara,1.0,0.8571428571428572,0.76,0.846,0.5519999999999999,0.65,0.648,0.8225285714285714,9
U034,D017,Udawattakele Forest Reserve,nature,kandy,1.0,1.0,0.48,0.704,0.576,0.67,0.8613333333333334,0.8196333333333332,10
U035,D030,Little Adam's Peak,nature;adventure,badulla,1.0,1.0,0.39,0.5,0.5544,0.64,0.8153333333333332,0.7774733333333335,1
U035,D018,Knuckles Mountain Range,nature;adventure,matale,1.0,1.0,0.4,0.5,0.5544,0.62,0.7553333333333333,0.7719733333333335,2
U035,D029,Ella Rock,nature;adventure,badulla,1.0,1.0,0.29,0.5,0.5367999999999999,0.59,0.891,0.7657799999999999,3
U035,D098,Ohiya,nature;adventure,badulla,1.0,1.0,0.38,0.5,0.5544,0.66,0.6976666666666667,0.7652066666666667,4
U035,D023,World's End,nature;adventure,nuwara eliya,1.0,1.0,0.3,0.5,0.5544,0.58,0.8140000000000001,0.7608400000000002,5
U035,D062,Adam's Peak,religious;nature,ratnapura,1.0,1.0,0.28,0.5,0.5456,0.65,0.8009999999999998,0.75916,6
U035,D019,Hanthana Mountain Range,nature;adventure,kandy,1.0,1.0,0.32,0.5,0.5456,0.68,0.7096666666666667,0.7575266666666667,7
U035,D035,Diyaluma Falls,nature;adventure,badulla,1.0,1.0,0.26,0.5,0.5896,0.62,0.7606666666666667,0.7550266666666667,8
U035,D093,Riverston,nature;adventure,matale,1.0,1.0,0.34,0.5,0.5015999999999999,0.58,0.731,0.75326,9
U035,D091,Madulsima Mini World's End,nature;adventure,badulla,1.0,1.0,0.3,0.5,0.5720000000000001,0.58,0.7120000000000001,0.7524000000000002,10
U036,D053,Dutch Hospital Colombo,heritage;city,colombo,1.0,1.0,0.4,0.7772000000000001,0.24,0.63,0.7623333333333333,0.7694533333333334,1
U036,D010,Jaffna Fort,heritage,jaffna,0.5,1.0,0.4,0.7687999999999999,0.21600000000000003,0.63,0.8450000000000001,0.6244799999999999,2
U036,D068,Ratnapura Gem Museum Area,culture;heritage,ratnapura,0.5,1.0,0.54,0.6536,0.22400000000000003,0.62,0.7083333333333334,0.6205933333333333,3
U036,D015,Kandy Lake,nature;city,kandy,0.5,1.0,0.5,0.5904,0.252,0.53,0.8246666666666668,0.6182066666666667,4
U036,D006,Anuradhapura Sacred City,heritage;religious,anuradhapura,0.5,1.0,0.42000000000000004,0.6499999999999999,0.244,0.52,0.8436666666666667,0.6127666666666667,5
U036,D092,Meemure,nature;village;adventure,kandy,0.5,1.0,0.5800000000000001,0.5028000000000001,0.252,0.52,0.7273333333333335,0.6112133333333334,6
U036,D050,Gangaramaya Temple,heritage;religious,colombo,0.5,1.0,0.33999999999999997,0.7436,0.248,0.58,0.7559999999999999,0.6047600000000001,7
U036,D020,Nuwara Eliya City,city;nature,nuwara eliya,0.5,1.0,0.31999999999999995,0.6456,0.268,0.57,0.85,0.60286,8
U036,D055,Negombo Beach,beach,gampaha,0.5,1.0,0.36,0.7547999999999999,0.22799999999999998,0.52,0.7306666666666667,0.6013466666666667,9
U036,D095,Aluvihare Rock Temple,heritage;religious,matale,0.5,1.0,0.36,0.658,0.21200000000000002,0.5,0.851,0.6011,10
U037,D030,Little Adam's Peak,nature;adventure,badulla,1.0,1.0,0.78,0.8192,0.3024,0.64,0.8153333333333332,0.8426933333333334,1
U037,D098,Ohiya,nature;adventure,badulla,1.0,1.0,0.76,0.8859999999999999,0.3024,0.66,0.6976666666666667,0.8356066666666667,2
U037,D034,Lipton's Seat,nature,badulla,1.0,1.0,0.74,0.736,0.3216,0.64,0.8246666666666668,0.8312266666666667,3
U037,D036,Dunhinda Falls,nature,badulla,1.0,1.0,0.8,0.6456,0.27359999999999995,0.52,0.9103333333333333,0.8289533333333332,4
U037,D078,Rumassala Sanctuary,nature;wildlife,galle,1.0,1.0,0.74,0.7224,0.34559999999999996,0.58,0.7896666666666667,0.8257666666666668,5
U037,D019,Hanthana Mountain Range,nature;adventure,kandy,1.0,1.0,0.64,0.8456000000000001,0.2976,0.68,0.7096666666666667,0.8152866666666667,6
U037,D099,Baker's Falls,nature,nuwara eliya,1.0,1.0,0.6799999999999999,0.7224,0.3072,0.58,0.8073333333333332,0.8146933333333333,7
U037,D029,Ella Rock,nature;adventure,badulla,1.0,1.0,0.5800000000000001,0.7492,0.2928,0.59,0.891,0.8097999999999999,8
U037,D062,Adam's Peak,religious;nature,ratnapura,1.0,1.0,0.56,0.7912000000000001,0.2976,0.65,0.8009999999999998,0.8054799999999999,9
U037,D097,Haputale,nature;city,badulla,1.0,1.0,0.56,0.7784000000000001,0.2928,0.52,0.874,0.80452,10
U038,D080,Weligama Bay,beach;adventure,matara,1.0,1.0,0.5,0.951,0.29680000000000006,0.47,0.7383333333333333,0.7971133333333332,1
U038,D040,Arugam Bay,beach;adventure,ampara,1.0,1.0,0.4,0.745,0.2856,0.57,0.7043333333333334,0.7619933333333334,2
U038,D035,Diyaluma Falls,nature;adventure,badulla,0.5,1.0,0.48,0.833,0.37520000000000003,0.62,0.7606666666666667,0.6498866666666667,3
U038,D083,Hummanaya Blow Hole,nature;coastal,matara,0.5,1.0,0.31999999999999995,0.827,0.32480000000000003,0.67,0.8006666666666667,0.6267466666666666,4
U038,D057,Kalpitiya Lagoon,marine;nature,puttalam,0.5,1.0,0.21999999999999997,0.996,0.4032,0.61,0.7326666666666667,0.6266866666666666,5
U038,D062,Adam's Peak,religious;nature,ratnapura,0.5,1.0,0.43999999999999995,0.628,0.3472,0.65,0.8009999999999998,0.6261199999999999,6
U038,D076,Jungle Beach,beach;nature,galle,0.5,1.0,0.28,0.8909999999999999,0.36400000000000005,0.52,0.8246666666666668,0.6259666666666667,7
U038,D019,Hanthana Mountain Range,nature;adventure,kandy,0.5,1.0,0.36,0.7839999999999999,0.3472,0.68,0.7096666666666667,0.6220866666666666,8
U038,D092,Meemure,nature;village;adventure,kandy,0.5,1.0,0.5800000000000001,0.497,0.35280000000000006,0.52,0.7273333333333335,0.6207133333333333,9
U038,D047,Marble Beach,beach,trincomalee,0.5,1.0,0.33999999999999997,0.7409999999999999,0.2912,0.61,0.7916666666666666,0.6138866666666667,10
U039,D069,Kalutara Bodhiya,religious;heritage,kalutara,1.0,1.0,0.86,0.844,0.35200000000000004,0.63,0.8156666666666667,0.8616666666666667,1
U039,D046,Koneswaram Temple,heritage;religious,trincomalee,1.0,1.0,0.8,0.771,0.3968,0.53,0.856,0.8488800000000001,2
U039,D002,Dambulla Cave Temple,heritage,matale,1.0,1.0,0.8200000000000001,0.754,0.35200000000000004,0.47,0.8336666666666667,0.8404666666666667,3
U039,D011,Nallur Kandaswamy Kovil,heritage;religious,jaffna,1.0,1.0,0.88,0.646,0.3904,0.59,0.7120000000000001,0.83634,4
U039,D010,Jaffna Fort,heritage,jaffna,1.0,1.0,0.6,0.942,0.3456,0.63,0.8450000000000001,0.83476,5
U039,D050,Gangaramaya Temple,heritage;religious,colombo,1.0,1.0,0.6599999999999999,0.789,0.3968,0.58,0.7559999999999999,0.82218,6
U039,D095,Aluvihare Rock Temple,heritage;religious,matale,1.0,1.0,0.64,0.795,0.3392,0.5,0.851,0.81952,7
U039,D045,Fort Frederick,heritage,trincomalee,1.0,1.0,0.84,0.52,0.36479999999999996,0.51,0.7506666666666666,0.8150466666666667,8
U039,D053,Dutch Hospital Colombo,heritage;city,colombo,1.0,1.0,0.6,0.673,0.384,0.63,0.7623333333333333,0.8034333333333333,9
U039,D014,Kandy Temple of the Tooth,heritage;religious,kandy,1.0,1.0,0.7,0.604,0.35840000000000005,0.59,0.718,0.8025399999999999,10
U040,D084,Rekawa Turtle Beach,beach;wildlife,hambantota,1.0,1.0,0.35,0.5,0.4752,0.6,0.8853333333333332,0.7685533333333334,1
U040,D078,Rumassala Sanctuary,nature;wildlife,galle,1.0,1.0,0.37,0.5,0.5184,0.58,0.7896666666666667,0.7653066666666668,2
U040,D057,Kalpitiya Lagoon,marine;nature,puttalam,1.0,1.0,0.39,0.5,0.5184,0.61,0.7326666666666667,0.7641066666666667,3
U040,D073,Kanneliya Forest Reserve,nature;wildlife,galle,1.0,1.0,0.38,0.5,0.44639999999999996,0.63,0.7873333333333333,0.7618733333333333,4
U040,D017,Udawattakele Forest Reserve,nature,kandy,1.0,1.0,0.24,0.5,0.5184,0.67,0.8613333333333334,0.7574733333333334,5
U040,D089,Kalametiya Bird Sanctuary,wildlife;nature,hambantota,1.0,1.0,0.36,0.5,0.49679999999999996,0.53,0.7306666666666666,0.7532466666666666,6
U040,D044,Pigeon Island National Park,marine;nature,trincomalee,1.0,1.0,0.33,0.5,0.504,0.65,0.6880000000000001,0.7512,7
U040,D072,Madu River,nature;marine,galle,1.0,1.0,0.36,0.5,0.48960000000000004,0.56,0.6956666666666665,0.7505266666666668,8
U040,D090,Lunugamvehera National Park,wildlife;nature,monaragala,1.0,1.0,0.32,0.5,0.5112,0.57,0.717,0.7493200000000001,9
U040,D096,Wasgamuwa National Park,wildlife;nature,matale,1.0,1.0,0.3,0.5,0.46799999999999997,0.57,0.7893333333333333,0.7492333333333333,10
U041,D017,Udawattakele Forest Reserve,nature,kandy,1.0,1.0,0.52,0.7176,0.576,0.67,0.8613333333333334,0.8269933333333332,1
U041,D035,Diyaluma Falls,nature;adventure,badulla,1.0,1.0,0.48,0.8011999999999999,0.536,0.62,0.7606666666666667,0.8127866666666665,2
U041,D097,Haputale,nature;city,badulla,1.0,1.0,0.43999999999999995,0.8104,0.488,0.52,0.874,0.80924,3
U041,D022,Horton Plains National Park,nature;wildlife,nuwara eliya,1.0,1.0,0.45999999999999996,0.6756,0.52,0.64,0.7826666666666666,0.7988266666666667,4
U041,D009,Wilpattu National Park,wildlife;nature,puttalam,1.0,1.0,0.43999999999999995,0.7067999999999999,0.504,0.68,0.7386666666666667,0.7949466666666666,5
U041,D064,Udawalawe National Park,wildlife;nature,ratnapura,1.0,1.0,0.5,0.5864,0.512,0.66,0.7563333333333334,0.7934733333333334,6
U041,D015,Kandy Lake,nature;city,kandy,1.0,1.0,0.5,0.5904,0.504,0.53,0.8246666666666668,0.7934066666666666,7
U041,D024,Hakgala Botanical Garden,nature,nuwara eliya,1.0,1.0,0.38,0.8543999999999999,0.496,0.57,0.7280000000000001,0.7933399999999998,8
U041,D025,Ambewela Farm,nature;family,nuwara eliya,1.0,1.0,0.45999999999999996,0.7260000000000001,0.46399999999999997,0.61,0.7323333333333334,0.7917333333333333,9
U041,D063,Sinharaja Forest Reserve,nature;wildlife,ratnapura,1.0,1.0,0.48,0.5996000000000001,0.5519999999999999,0.67,0.6953333333333332,0.7901933333333333,10
U042,D012,Casuarina Beach,beach,jaffna,1.0,1.0,0.86,0.9424,0.5104,0.5,0.8140000000000001,0.88068,1
U042,D081,Polhena Beach,beach;marine,matara,1.0,1.0,0.9,0.8212,0.5015999999999999,0.55,0.773,0.87208,2
U042,D075,Unawatuna Beach,beach,galle,1.0,1.0,0.88,0.7343999999999999,0.5104,0.54,0.8626666666666667,0.8697466666666667,3
U042,D088,Tangalle Beach,beach,hambantota,1.0,1.0,0.74,0.9676,0.48400000000000004,0.61,0.6786666666666666,0.8545266666666665,4
U042,D054,Mount Lavinia Beach,beach,colombo,1.0,1.0,0.74,0.7352,0.5192,0.62,0.8253333333333334,0.8499733333333334,5
U042,D047,Marble Beach,beach,trincomalee,1.0,1.0,0.6599999999999999,0.8924,0.4576,0.61,0.7916666666666666,0.8436666666666666,6
U042,D041,Pasikuda Beach,beach,batticaloa,1.0,1.0,0.7,0.8283999999999999,0.5104,0.51,0.7383333333333333,0.8382133333333333,7
U042,D079,Mirissa Beach,beach,matara,1.0,1.0,0.72,0.6876,0.49280000000000007,0.63,0.7326666666666668,0.8308066666666667,8
U042,D055,Negombo Beach,beach,gampaha,1.0,1.0,0.64,0.7628,0.5015999999999999,0.52,0.7306666666666667,0.8215066666666666,9
U042,D080,Weligama Bay,beach;adventure,matara,1.0,1.0,0.5,0.9444000000000001,0.46640000000000004,0.47,0.7383333333333333,0.8134133333333333,10
U043,D010,Jaffna Fort,heritage,jaffna,1.0,1.0,0.4,0.9419999999999998,0.21600000000000003,0.63,0.8450000000000001,0.7918,1
U043,D095,Aluvihare Rock Temple,heritage;religious,matale,1.0,1.0,0.36,0.7949999999999999,0.21200000000000002,0.5,0.851,0.7648000000000001,2
U043,D006,Anuradhapura Sacred City,heritage;religious,anuradhapura,1.0,1.0,0.42000000000000004,0.645,0.244,0.52,0.8436666666666667,0.7622666666666666,3
U043,D061,Belilena Cave,heritage;nature,kegalle,1.0,1.0,0.4,0.665,0.244,0.68,0.6623333333333333,0.7511333333333334,4
U043,D037,Buduruwagala,heritage,monaragala,1.0,1.0,0.38,0.726,0.248,0.48,0.7026666666666667,0.7486666666666667,5
U043,D048,Colombo National Museum,heritage;culture,colombo,1.0,1.0,0.48,0.43600000000000005,0.23199999999999998,0.53,0.787,0.7439999999999999,6
U043,D008,Mihintale,heritage;religious,anuradhapura,1.0,1.0,0.26,0.808,0.244,0.57,0.6243333333333333,0.7351333333333333,7
U043,D005,Polonnaruwa Ancient City,heritage,polonnaruwa,1.0,1.0,0.36,0.46699999999999997,0.23199999999999998,0.62,0.7933333333333333,0.7342333333333334,8
U043,D002,Dambulla Cave Temple,heritage,matale,1.0,1.0,0.18000000000000005,0.7539999999999999,0.22000000000000003,0.47,0.8336666666666667,0.7312666666666667,9
U043,D007,Ritigala Monastery,heritage;nature,anuradhapura,1.0,1.0,0.42000000000000004,0.43600000000000005,0.24,0.53,0.7343333333333334,0.7305333333333333,10
U044,D057,Kalpitiya Lagoon,marine;nature,puttalam,1.0,1.0,0.78,0.996,0.34559999999999996,0.61,0.7326666666666667,0.8549266666666667,1
U044,D073,Kanneliya Forest Reserve,nature;wildlife,galle,1.0,1.0,0.76,0.647,0.2976,0.63,0.7873333333333333,0.8186933333333333,2
U044,D059,Pinnawala Elephant Orphanage,wildlife;family,kegalle,1.0,1.0,0.74,0.784,0.2976,0.5,0.7306666666666667,0.8172266666666668,3
U044,D084,Rekawa Turtle Beach,beach;wildlife,hambantota,1.0,1.0,0.7,0.545,0.3168,0.6,0.8853333333333332,0.8097133333333334,4
U044,D065,Udawalawe Elephant Transit Home,wildlife,ratnapura,1.0,1.0,0.62,0.764,0.312,0.57,0.7403333333333334,0.8031333333333333,5
U044,D078,Rumassala Sanctuary,nature;wildlife,galle,1.0,1.0,0.74,0.496,0.34559999999999996,0.58,0.7896666666666667,0.8031266666666668,6
U044,D017,Udawattakele Forest Reserve,nature,kandy,1.0,1.0,0.48,0.704,0.34559999999999996,0.67,0.8613333333333334,0.7965933333333333,7
U044,D072,Madu River,nature;marine,galle,1.0,1.0,0.72,0.519,0.3264,0.56,0.6956666666666665,0.7901066666666666,8
U044,D063,Sinharaja Forest Reserve,nature;wildlife,ratnapura,1.0,1.0,0.52,0.739,0.33119999999999994,0.67,0.6953333333333332,0.7880533333333333,9
U044,D089,Kalametiya Bird Sanctuary,wildlife;nature,hambantota,1.0,1.0,0.72,0.457,0.33119999999999994,0.53,0.7306666666666666,0.7863866666666666,10
U045,D030,Little Adam's Peak,nature;adventure,badulla,1.0,1.0,0.39,0.5,0.35280000000000006,0.64,0.8153333333333332,0.7573133333333334,1
U045,D018,Knuckles Mountain Range,nature;adventure,matale,1.0,1.0,0.4,0.5,0.35280000000000006,0.62,0.7553333333333333,0.7518133333333334,2
U045,D029,Ella Rock,nature;adventure,badulla,1.0,1.0,0.29,0.5,0.3416,0.59,0.891,0.7462599999999999,3
U045,D098,Ohiya,nature;adventure,badulla,1.0,1.0,0.38,0.5,0.35280000000000006,0.66,0.6976666666666667,0.7450466666666666,4
U045,D023,World's End,nature;adventure,nuwara eliya,1.0,1.0,0.3,0.5,0.35280000000000006,0.58,0.8140000000000001,0.7406800000000001,5
U045,D062,Adam's Peak,religious;nature,ratnapura,1.0,1.0,0.28,0.5,0.3472,0.65,0.8009999999999998,0.73932,6
U045,D019,Hanthana Mountain Range,nature;adventure,kandy,1.0,1.0,0.32,0.5,0.3472,0.68,0.7096666666666667,0.7376866666666667,7
U045,D093,Riverston,nature;adventure,matale,1.0,1.0,0.34,0.5,0.3192,0.58,0.731,0.73502,8
U045,D035,Diyaluma Falls,nature;adventure,badulla,1.0,1.0,0.26,0.5,0.37520000000000003,0.62,0.7606666666666667,0.7335866666666668,9
U045,D091,Madulsima Mini World's End,nature;adventure,badulla,1.0,1.0,0.3,0.5,0.36400000000000005,0.58,0.7120000000000001,0.7316000000000001,10
U046,D053,Dutch Hospital Colombo,heritage;city,colombo,1.0,1.0,0.4,0.7772000000000001,0.384,0.63,0.7623333333333333,0.7838533333333334,1
U046,D010,Jaffna Fort,heritage,jaffna,0.5,1.0,0.4,0.7687999999999999,0.3456,0.63,0.8450000000000001,0.63744,2
U046,D068,Ratnapura Gem Museum Area,culture;heritage,ratnapura,0.5,1.0,0.54,0.6536,0.35840000000000005,0.62,0.7083333333333334,0.6340333333333333,3
U046,D015,Kandy Lake,nature;city,kandy,0.5,1.0,0.5,0.5904,0.4032,0.53,0.8246666666666668,0.6333266666666667,4
U046,D006,Anuradhapura Sacred City,heritage;religious,anuradhapura,0.5,1.0,0.42000000000000004,0.6499999999999999,0.3904,0.52,0.8436666666666667,0.6274066666666667,5
U046,D092,Meemure,nature;village;adventure,kandy,0.5,1.0,0.5800000000000001,0.5028000000000001,0.4032,0.52,0.7273333333333335,0.6263333333333334,6
U046,D050,Gangaramaya Temple,heritage;religious,colombo,0.5,1.0,0.33999999999999997,0.7436,0.3968,0.58,0.7559999999999999,0.6196400000000001,7
U046,D020,Nuwara Eliya City,city;nature,nuwara eliya,0.5,1.0,0.31999999999999995,0.6456,0.4288,0.57,0.85,0.6189399999999999,8
U046,D055,Negombo Beach,beach,gampaha,0.5,1.0,0.36,0.7547999999999999,0.36479999999999996,0.52,0.7306666666666667,0.6150266666666666,9
U046,D095,Aluvihare Rock Temple,heritage;religious,matale,0.5,1.0,0.36,0.658,0.3392,0.5,0.851,0.61382,10
U047,D030,Little Adam's Peak,nature;adventure,badulla,1.0,1.0,0.78,0.8192,0.4536,0.64,0.8153333333333332,0.8578133333333333,1
U047,D100,Pekoe Trail - Tea Country Section,nature;adventure;culture,nuwara eliya,1.0,1.0,0.78,0.9104000000000001,0.42479999999999996,0.62,0.7496666666666667,0.8564866666666666,2
U047,D018,Knuckles Mountain Range,nature;adventure,matale,1.0,1.0,0.8,0.7976,0.4536,0.62,0.7553333333333333,0.8516533333333333,3
U047,D098,Ohiya,nature;adventure,badulla,1.0,1.0,0.76,0.8859999999999999,0.4536,0.66,0.6976666666666667,0.8507266666666666,4
U047,D034,Lipton's Seat,nature,badulla,1.0,1.0,0.74,0.736,0.4824,0.64,0.8246666666666668,0.8473066666666667,5
U047,D078,Rumassala Sanctuary,nature;wildlife,galle,1.0,1.0,0.74,0.7224,0.5184,0.58,0.7896666666666667,0.8430466666666667,6
U047,D036,Dunhinda Falls,nature,badulla,1.0,1.0,0.8,0.6456,0.41039999999999993,0.52,0.9103333333333333,0.8426333333333332,7
U047,D073,Kanneliya Forest Reserve,nature;wildlife,galle,1.0,1.0,0.76,0.6828000000000001,0.44639999999999996,0.63,0.7873333333333333,0.8371533333333333,8
U047,D019,Hanthana Mountain Range,nature;adventure,kandy,1.0,1.0,0.64,0.8456000000000001,0.44639999999999996,0.68,0.7096666666666667,0.8301666666666667,9
U047,D099,Baker's Falls,nature,nuwara eliya,1.0,1.0,0.6799999999999999,0.7224,0.4608,0.58,0.8073333333333332,0.8300533333333333,10
U048,D080,Weligama Bay,beach;adventure,matara,1.0,1.0,0.5,0.951,0.42400000000000004,0.47,0.7383333333333333,0.8098333333333332,1
U048,D040,Arugam Bay,beach;adventure,ampara,1.0,1.0,0.4,0.745,0.40800000000000003,0.57,0.7043333333333334,0.7742333333333333,2
U048,D035,Diyaluma Falls,nature;adventure,badulla,0.5,1.0,0.48,0.833,0.536,0.62,0.7606666666666667,0.6659666666666666,3
U048,D009,Wilpattu National Park,wildlife;nature,puttalam,0.5,1.0,0.43999999999999995,0.827,0.504,0.68,0.7386666666666667,0.6569666666666666,4
U048,D057,Kalpitiya Lagoon,marine;nature,puttalam,0.5,1.0,0.21999999999999997,0.996,0.576,0.61,0.7326666666666667,0.6439666666666667,5
U048,D076,Jungle Beach,beach;nature,galle,0.5,1.0,0.28,0.8909999999999999,0.52,0.52,0.8246666666666668,0.6415666666666667,6
U048,D062,Adam's Peak,religious;nature,ratnapura,0.5,1.0,0.43999999999999995,0.628,0.496,0.65,0.8009999999999998,0.6409999999999999,7
U048,D083,Hummanaya Blow Hole,nature;coastal,matara,0.5,1.0,0.31999999999999995,0.827,0.46399999999999997,0.67,0.8006666666666667,0.6406666666666665,8
U048,D019,Hanthana Mountain Range,nature;adventure,kandy,0.5,1.0,0.36,0.7839999999999999,0.496,0.68,0.7096666666666667,0.6369666666666666,9
U048,D092,Meemure,nature;village;adventure,kandy,0.5,1.0,0.5800000000000001,0.497,0.504,0.52,0.7273333333333335,0.6358333333333334,10
U049,D069,Kalutara Bodhiya,religious;heritage,kalutara,1.0,1.0,0.86,0.844,0.48400000000000004,0.63,0.8156666666666667,0.8748666666666667,1
U049,D046,Koneswaram Temple,heritage;religious,trincomalee,1.0,1.0,0.8,0.771,0.5456,0.53,0.856,0.86376,2
U049,D002,Dambulla Cave Temple,heritage,matale,1.0,1.0,0.8200000000000001,0.754,0.48400000000000004,0.47,0.8336666666666667,0.8536666666666667,3
U049,D011,Nallur Kandaswamy Kovil,heritage;religious,jaffna,1.0,1.0,0.88,0.646,0.5367999999999999,0.59,0.7120000000000001,0.85098,4
U049,D010,Jaffna Fort,heritage,jaffna,1.0,1.0,0.6,0.942,0.4752,0.63,0.8450000000000001,0.8477199999999999,5
U049,D050,Gangaramaya Temple,heritage;religious,colombo,1.0,1.0,0.6599999999999999,0.789,0.5456,0.58,0.7559999999999999,0.8370599999999999,6
U049,D095,Aluvihare Rock Temple,heritage;religious,matale,1.0,1.0,0.64,0.795,0.46640000000000004,0.5,0.851,0.8322400000000001,7
U049,D045,Fort Frederick,heritage,trincomalee,1.0,1.0,0.84,0.52,0.5015999999999999,0.51,0.7506666666666666,0.8287266666666666,8
U049,D053,Dutch Hospital Colombo,heritage;city,colombo,1.0,1.0,0.6,0.673,0.528,0.63,0.7623333333333333,0.8178333333333333,9
U049,D014,Kandy Temple of the Tooth,heritage;religious,kandy,1.0,1.0,0.7,0.604,0.49280000000000007,0.59,0.718,0.8159799999999999,10
U050,D084,Rekawa Turtle Beach,beach;wildlife,hambantota,1.0,1.0,0.35,0.5,0.264,0.6,0.8853333333333332,0.7474333333333334,1
U050,D078,Rumassala Sanctuary,nature;wildlife,galle,1.0,1.0,0.37,0.5,0.288,0.58,0.7896666666666667,0.7422666666666669,2
U050,D073,Kanneliya Forest Reserve,nature;wildlife,galle,1.0,1.0,0.38,0.5,0.248,0.63,0.7873333333333333,0.7420333333333333,3
U050,D057,Kalpitiya Lagoon,marine;nature,puttalam,1.0,1.0,0.39,0.5,0.288,0.61,0.7326666666666667,0.7410666666666668,4
U050,D017,Udawattakele Forest Reserve,nature,kandy,1.0,1.0,0.24,0.5,0.288,0.67,0.8613333333333334,0.7344333333333335,5
U050,D089,Kalametiya Bird Sanctuary,wildlife;nature,hambantota,1.0,1.0,0.36,0.5,0.27599999999999997,0.53,0.7306666666666666,0.7311666666666666,6
U050,D072,Madu River,nature;marine,galle,1.0,1.0,0.36,0.5,0.272,0.56,0.6956666666666665,0.7287666666666668,7
U050,D022,Horton Plains National Park,nature;wildlife,nuwara eliya,1.0,1.0,0.27,0.5,0.26,0.64,0.7826666666666666,0.7267666666666668,8
U050,D063,Sinharaja Forest Reserve,nature;wildlife,ratnapura,1.0,1.0,0.26,0.5,0.27599999999999997,0.67,0.6953333333333332,0.7196333333333333,9
U050,D056,Muthurajawela Wetland,nature;wildlife,gampaha,1.0,1.0,0.29,0.5,0.248,0.6,0.7120000000000001,0.7195000000000001,10
