user_id,destination_id,content_similarity,content_similarity_normalized,context_score,hybrid_score,rank,name,category,district,estimated_cost_lkr,duration_hours,sustainability_score,crowd_score,seasonality_score,weather_temp_c,weather_rain_risk,weather_suitability,explanation
U002,D088,0.4998953527623206,1.0,0.8325266666666665,0.9330106666666667,1,Tangalle Beach,beach,hambantota,5000,4.0,55,37,61,28.8,0.061,0.939,strong preference match; good contextual suitability; fits a lower travel budget; suitable weather conditions
U002,D041,0.4449616587138766,0.7003682898485154,0.8150133333333333,0.7462263072424425,2,Pasikuda Beach,beach,batticaloa,7000,4.0,58,35,51,27.2,0.249,0.751,strong preference match; good contextual suitability; suitable weather conditions
U002,D047,0.4373435518838006,0.6588158980577973,0.8228666666666666,0.7244362055013451,3,Marble Beach,beach,trincomalee,5000,3.0,52,33,61,28.9,0.259,0.741,strong preference match; good contextual suitability; fits a lower travel budget
U002,D012,0.4282441145418613,0.609183700198007,0.85748,0.7085022201188043,4,Casuarina Beach,beach,jaffna,4000,3.0,58,43,50,29.1,0.134,0.866,strong preference match; good contextual suitability; fits a lower travel budget; suitable weather conditions
U002,D079,0.4049577795348736,0.4821701340768018,0.8084066666666667,0.6126647471127478,5,Mirissa Beach,beach,matara,6000,4.0,56,36,63,24.2,0.301,0.699,good contextual suitability
U002,D055,0.40205782252475875,0.46635253627352585,0.7987066666666667,0.5992941884307822,6,Negombo Beach,beach,gampaha,5000,3.0,57,32,52,25.6,0.253,0.747,good contextual suitability; fits a lower travel budget
U002,D054,0.3804378714757783,0.3484281363508724,0.8263733333333334,0.5396062151438568,7,Mount Lavinia Beach,beach,colombo,5000,3.0,59,37,62,25.7,0.332,0.668,good contextual suitability; fits a lower travel budget
U002,D075,0.31655796827564125,0.0,0.8465466666666667,0.3386186666666667,8,Unawatuna Beach,beach,galle,6000,4.0,58,44,54,29.4,0.624,0.376,good contextual suitability
U003,D037,0.32303622425026207,1.0,0.7585866666666666,0.9034346666666666,1,Buduruwagala,heritage,monaragala,3000,2.5,62,31,48,27.3,0.274,0.726,strong preference match; good contextual suitability; fits a lower travel budget
U003,D008,0.27653237161759037,0.2483739745311977,0.7448933333333333,0.446981718052052,2,Mihintale,heritage;religious,anuradhapura,3000,3.0,61,37,57,27.4,0.192,0.808,good contextual suitability; fits a lower travel budget; suitable weather conditions
U003,D010,0.27386447013326776,0.20525358610138175,0.80044,0.44332815166082906,3,Jaffna Fort,heritage,jaffna,3000,2.0,54,30,63,27.2,0.058,0.942,good contextual suitability; fits a lower travel budget; suitable weather conditions
U003,D002,0.26909683867770434,0.12819597304401614,0.7400666666666668,0.3729442504930764,4,Dambulla Cave Temple,heritage,matale,5000,2.0,55,41,47,28.9,0.246,0.754,good contextual suitability; fits a lower travel budget; suitable weather conditions
U003,D007,0.26462255599633444,0.055879656905957996,0.7401333333333332,0.3295811274769081,5,Ritigala Monastery,heritage;nature,anuradhapura,5000,3.0,60,29,53,25.4,0.564,0.436,good contextual suitability; fits a lower travel budget
U004,D073,0.22254758111916217,0.3746396849385873,0.8286133333333333,0.5562291442964857,1,Kanneliya Forest Reserve,nature;wildlife,galle,7000,5.0,62,38,63,24.6,0.353,0.647,good contextual suitability
U004,D059,0.21630038180808575,0.31308130181972466,0.8271466666666667,0.5187074477585014,2,Pinnawala Elephant Orphanage,wildlife;family,kegalle,8000,4.0,62,37,50,27.6,0.216,0.784,good contextual suitability; suitable weather conditions
U004,D065,0.18972820028271897,0.051245485609685185,0.8135333333333332,0.35616062469914445,3,Udawalawe Elephant Transit Home,wildlife,ratnapura,5000,2.0,65,31,57,26.5,0.236,0.764,good contextual suitability; fits a lower travel budget; suitable weather conditions
U004,D057,0.1845275964627901,0.0,0.8664466666666667,0.3465786666666667,4,Kalpitiya Lagoon,marine;nature,puttalam,7000,4.0,72,39,61,29.7,0.004,0.996,good contextual suitability; good sustainability alignment; suitable weather conditions
U005,D093,0.42901053736090006,1.0,0.74414,0.897656,1,Riverston,nature;adventure,matale,6000,5.0,57,34,58,24.8,0.299,0.701,strong preference match; good contextual suitability
U005,D029,0.3515064331500864,0.6688504836240265,0.7560199999999999,0.7037182901744159,2,Ella Rock,nature;adventure,badulla,5000,6.0,61,29,59,29.2,0.607,0.393,strong preference match; good contextual suitability; fits a lower travel budget
U005,D023,0.3143803168755168,0.5102228138453914,0.7507600000000001,0.6064376883072349,3,World's End,nature;adventure,nuwara eliya,7000,5.0,63,30,58,28.9,0.539,0.461,good contextual suitability
U005,D030,0.29548969790246044,0.4295094193655981,0.7673933333333334,0.5646629849526923,4,Little Adam's Peak,nature;adventure,badulla,3000,3.0,63,39,64,27.0,0.252,0.748,good contextual suitability; fits a lower travel budget
U005,D018,0.2778641209906338,0.3542011330544254,0.7618933333333334,0.5172780131659886,5,Knuckles Mountain Range,nature;adventure,matale,10000,7.0,63,40,62,29.3,0.476,0.524,good contextual suitability
U005,D019,0.2790342541743235,0.35920072684136006,0.7476066666666668,0.5145631027714828,6,Hanthana Mountain Range,nature;adventure,kandy,5000,5.0,62,32,68,27.3,0.216,0.784,good contextual suitability; fits a lower travel budget; suitable weather conditions
U005,D091,0.2720558949532456,0.32938449575671863,0.7420000000000001,0.49443069745403123,7,Madulsima Mini World's End,nature;adventure,badulla,5000,4.0,65,30,58,25.3,0.596,0.404,good contextual suitability; fits a lower travel budget
U005,D098,0.2066587222152273,0.049963910936525295,0.7551266666666666,0.33202901322858186,8,Ohiya,nature;adventure,badulla,5000,4.0,63,38,66,27.9,0.175,0.825,good contextual suitability; fits a lower travel budget; suitable weather conditions
U005,D035,0.19496488614267904,0.0,0.7443066666666667,0.2977226666666667,9,Diyaluma Falls,nature;adventure,badulla,5000,5.0,67,26,62,25.3,0.167,0.833,good contextual suitability; fits a lower travel budget; suitable weather conditions
U006,D053,0.18763343768796442,0.31353340994127554,0.7934533333333335,0.5055013792980987,1,Dutch Hospital Colombo,heritage;city,colombo,5000,2.5,60,30,63,24.3,0.327,0.673,good contextual suitability; fits a lower travel budget
U006,D055,0.1527631108471461,0.13513666706623018,0.6241466666666666,0.3307406669064048,2,Negombo Beach,beach,gampaha,5000,3.0,57,32,52,25.6,0.253,0.747,good contextual suitability; fits a lower travel budget
U006,D020,0.1263486165417265,0.0,0.6296599999999999,0.251864,3,Nuwara Eliya City,city;nature,nuwara eliya,5000,3.0,67,34,57,26.2,0.466,0.534,good contextual suitability; fits a lower travel budget
U007,D099,0.42763002708435327,0.7148371873523829,0.8402933333333333,0.7650196457447631,1,Baker's Falls,nature,nuwara eliya,3000,3.0,64,34,58,30.5,0.544,0.456,strong preference match; good contextual suitability; fits a lower travel budget
U007,D036,0.38940009664110864,0.5107365851689539,0.8517533333333333,0.6471432844347056,2,Dunhinda Falls,nature,badulla,3000,3.0,57,40,52,24.9,0.476,0.524,good contextual suitability; fits a lower travel budget
U007,D098,0.3707399800803636,0.41111461404046534,0.8608066666666667,0.590991435090946,3,Ohiya,nature;adventure,badulla,5000,4.0,63,38,66,27.9,0.175,0.825,good contextual suitability; fits a lower travel budget; suitable weather conditions
U007,D017,0.3491274546625799,0.2957304267994504,0.8315533333333334,0.5100595894130036,4,Udawattakele Forest Reserve,nature,kandy,3000,3.0,72,24,67,26.1,0.296,0.704,good contextual suitability; fits a lower travel budget; good sustainability alignment
U007,D078,0.31508784901946796,0.1140009826363303,0.8545666666666667,0.4102272562484649,5,Rumassala Sanctuary,nature;wildlife,galle,4000,3.0,72,37,58,27.1,0.504,0.496,good contextual suitability; fits a lower travel budget; good sustainability alignment
U008,D080,0.39503470860672896,0.7207067493639823,0.7886333333333332,0.7478773829517227,1,Weligama Bay,beach;adventure,matara,6000,4.0,53,25,47,29.9,0.049,0.951,strong preference match; good contextual suitability; suitable weather conditions
U008,D040,0.3868914484992647,0.6888660670178621,0.7538333333333334,0.7148529735440506,2,Arugam Bay,beach;adventure,ampara,8000,5.0,51,30,57,25.0,0.255,0.745,strong preference match; good contextual suitability
U008,D047,0.2107138307599923,0.0,0.6055666666666666,0.24222666666666665,3,Marble Beach,beach,trincomalee,5000,3.0,52,33,61,28.9,0.259,0.741,good contextual suitability; fits a lower travel budget
U009,D046,0.3548994642936122,0.5942170461004671,0.83896,0.6921142276602803,1,Koneswaram Temple,heritage;religious,trincomalee,3000,2.0,62,40,53,28.5,0.229,0.771,good contextual suitability; fits a lower travel budget; suitable weather conditions
U009,D050,0.3599168963586899,0.6113373186664738,0.81226,0.6917063911998843,2,Gangaramaya Temple,heritage;religious,colombo,3000,2.0,62,33,58,26.3,0.211,0.789,strong preference match; good contextual suitability; fits a lower travel budget; suitable weather conditions
U009,D045,0.19497742785345717,0.04853773890612223,0.8059266666666667,0.35149331001034,3,Fort Frederick,heritage,trincomalee,3000,2.0,57,42,51,29.9,0.48,0.52,good contextual suitability; fits a lower travel budget
U009,D010,0.18395491093113325,0.010927166082017,0.8261199999999999,0.33700429964921014,4,Jaffna Fort,heritage,jaffna,3000,2.0,54,30,63,27.2,0.058,0.942,good contextual suitability; fits a lower travel budget; suitable weather conditions
U009,D002,0.18075249033479282,0.0,0.8316666666666667,0.33266666666666667,5,Dambulla Cave Temple,heritage,matale,5000,2.0,55,41,47,28.9,0.246,0.754,good contextual suitability; fits a lower travel budget; suitable weather conditions
U010,D096,0.41306640986578613,0.9219760218843215,0.7388333333333333,0.8487189464639262,1,Wasgamuwa National Park,wildlife;nature,matale,14000,5.0,65,30,57,26.5,0.396,0.604,strong preference match; good contextual suitability
U010,D090,0.37239760371774777,0.6380917323904645,0.7379600000000001,0.6780390394342788,2,Lunugamvehera National Park,wildlife;nature,monaragala,12000,5.0,71,32,57,25.8,0.202,0.798,strong preference match; good contextual suitability; good sustainability alignment; suitable weather conditions
U010,D078,0.2809856097130027,0.0,0.7537866666666668,0.30151466666666676,3,Rumassala Sanctuary,nature;wildlife,galle,4000,3.0,72,37,58,27.1,0.504,0.496,good contextual suitability; fits a lower travel budget; good sustainability alignment
U012,D041,0.4912249839698499,1.0,0.8289333333333333,0.9315733333333334,1,Pasikuda Beach,beach,batticaloa,7000,4.0,58,35,51,27.2,0.249,0.751,strong preference match; good contextual suitability; suitable weather conditions
U012,D088,0.4497508293148193,0.7804266764182985,0.8457266666666665,0.8065466725176458,2,Tangalle Beach,beach,hambantota,5000,4.0,55,37,61,28.8,0.061,0.939,strong preference match; good contextual suitability; fits a lower travel budget; suitable weather conditions
U012,D055,0.44386037213978524,0.7492412967500229,0.8123866666666666,0.7744994447166804,3,Negombo Beach,beach,gampaha,5000,3.0,57,32,52,25.6,0.253,0.747,strong preference match; good contextual suitability; fits a lower travel budget
U012,D047,0.39347360216158794,0.48248262160201694,0.8353466666666667,0.6236282396278768,4,Marble Beach,beach,trincomalee,5000,3.0,52,33,61,28.9,0.259,0.741,good contextual suitability; fits a lower travel budget
U012,D012,0.38528692975461076,0.43914057197071604,0.8714000000000001,0.6120443431824296,5,Casuarina Beach,beach,jaffna,4000,3.0,58,43,50,29.1,0.134,0.866,good contextual suitability; fits a lower travel budget; suitable weather conditions
U012,D079,0.3643364479723267,0.32822409992115215,0.8218466666666667,0.525673126619358,6,Mirissa Beach,beach,matara,6000,4.0,56,36,63,24.2,0.301,0.699,good contextual suitability
U012,D054,0.34227613290165526,0.2114319256232899,0.8405333333333334,0.46307248870730733,7,Mount Lavinia Beach,beach,colombo,5000,3.0,59,37,62,25.7,0.332,0.668,good contextual suitability; fits a lower travel budget
U013,D037,0.32303622425026207,1.0,0.7734666666666666,0.9093866666666667,1,Buduruwagala,heritage,monaragala,3000,2.5,62,31,48,27.3,0.274,0.726,strong preference match; good contextual suitability; fits a lower travel budget
U013,D008,0.27653237161759037,0.2483739745311977,0.7595333333333333,0.452837718052052,2,Mihintale,heritage;religious,anuradhapura,3000,3.0,61,37,57,27.4,0.192,0.808,good contextual suitability; fits a lower travel budget; suitable weather conditions
U013,D010,0.27386447013326776,0.20525358610138175,0.8134,0.4485121516608291,3,Jaffna Fort,heritage,jaffna,3000,2.0,54,30,63,27.2,0.058,0.942,good contextual suitability; fits a lower travel budget; suitable weather conditions
U013,D002,0.26909683867770434,0.12819597304401614,0.7532666666666668,0.3782242504930764,4,Dambulla Cave Temple,heritage,matale,5000,2.0,55,41,47,28.9,0.246,0.754,good contextual suitability; fits a lower travel budget; suitable weather conditions
U013,D007,0.26462255599633444,0.055879656905957996,0.7545333333333333,0.33534112747690814,5,Ritigala Monastery,heritage;nature,anuradhapura,5000,3.0,60,29,53,25.4,0.564,0.436,good contextual suitability; fits a lower travel budget
U014,D073,0.2436363506516696,0.876387341434094,0.8434933333333333,0.8632297381937897,1,Kanneliya Forest Reserve,nature;wildlife,galle,7000,5.0,62,38,63,24.6,0.353,0.647,strong preference match; good contextual suitability
U014,D089,0.22817302286799634,0.7450291243239803,0.8139866666666665,0.7726121412610548,2,Kalametiya Bird Sanctuary,wildlife;nature,hambantota,5000,4.0,69,36,53,26.4,0.543,0.457,strong preference match; good contextual suitability; fits a lower travel budget
U014,D057,0.20201356478750376,0.5228091842119695,0.8837266666666667,0.6671761771938484,3,Kalpitiya Lagoon,marine;nature,puttalam,7000,4.0,72,39,61,29.7,0.004,0.996,good contextual suitability; good sustainability alignment; suitable weather conditions
U015,D093,0.42901053736090006,1.0,0.7259000000000002,0.89036,1,Riverston,nature;adventure,matale,6000,5.0,57,34,58,24.8,0.299,0.701,strong preference match; good contextual suitability
U015,D029,0.3515064331500864,0.6688504836240265,0.7364999999999999,0.6959102901744159,2,Ella Rock,nature;adventure,badulla,5000,6.0,61,29,59,29.2,0.607,0.393,strong preference match; good contextual suitability; fits a lower travel budget
U015,D023,0.3143803168755168,0.5102228138453914,0.7306000000000001,0.5983736883072348,3,World's End,nature;adventure,nuwara eliya,7000,5.0,63,30,58,28.9,0.539,0.461,good contextual suitability
U015,D030,0.29548969790246044,0.4295094193655981,0.7472333333333334,0.5565989849526922,4,Little Adam's Peak,nature;adventure,badulla,3000,3.0,63,39,64,27.0,0.252,0.748,good contextual suitability; fits a lower travel budget
U015,D018,0.2778641209906338,0.3542011330544254,0.7417333333333335,0.5092140131659887,5,Knuckles Mountain Range,nature;adventure,matale,10000,7.0,63,40,62,29.3,0.476,0.524,good contextual suitability
U015,D019,0.2790342541743235,0.35920072684136006,0.7277666666666668,0.5066271027714828,6,Hanthana Mountain Range,nature;adventure,kandy,5000,5.0,62,32,68,27.3,0.216,0.784,good contextual suitability; fits a lower travel budget; suitable weather conditions
U015,D091,0.2720558949532456,0.32938449575671863,0.7212000000000002,0.48611069745403124,7,Madulsima Mini World's End,nature;adventure,badulla,5000,4.0,65,30,58,25.3,0.596,0.404,good contextual suitability; fits a lower travel budget
U015,D098,0.2066587222152273,0.049963910936525295,0.7349666666666667,0.32396501322858184,8,Ohiya,nature;adventure,badulla,5000,4.0,63,38,66,27.9,0.175,0.825,good contextual suitability; fits a lower travel budget; suitable weather conditions
U015,D035,0.19496488614267904,0.0,0.7228666666666668,0.2891466666666667,9,Diyaluma Falls,nature;adventure,badulla,5000,5.0,67,26,62,25.3,0.167,0.833,good contextual suitability; fits a lower travel budget; suitable weather conditions
U016,D055,0.22339102827352758,0.5917669412063873,0.6059066666666666,0.597422831390499,1,Negombo Beach,beach,gampaha,5000,3.0,57,32,52,25.6,0.253,0.747,good contextual suitability; fits a lower travel budget
U016,D053,0.1655035818034325,0.2470073553715195,0.7742533333333335,0.45790574655624505,2,Dutch Hospital Colombo,heritage;city,colombo,5000,2.5,60,30,63,24.3,0.327,0.673,good contextual suitability; fits a lower travel budget
U017,D099,0.42763002708435327,0.7148371873523829,0.8198133333333333,0.7568276457447631,1,Baker's Falls,nature,nuwara eliya,3000,3.0,64,34,58,30.5,0.544,0.456,strong preference match; good contextual suitability; fits a lower travel budget
U017,D036,0.38940009664110864,0.5107365851689539,0.8335133333333332,0.6398472844347056,2,Dunhinda Falls,nature,badulla,3000,3.0,57,40,52,24.9,0.476,0.524,good contextual suitability; fits a lower travel budget
U017,D098,0.3707399800803636,0.41111461404046534,0.8406466666666667,0.5829274350909459,3,Ohiya,nature;adventure,badulla,5000,4.0,63,38,66,27.9,0.175,0.825,good contextual suitability; fits a lower travel budget; suitable weather conditions
U017,D078,0.31508784901946796,0.1140009826363303,0.8315266666666667,0.4010112562484649,4,Rumassala Sanctuary,nature;wildlife,galle,4000,3.0,72,37,58,27.1,0.504,0.496,good contextual suitability; fits a lower travel budget; good sustainability alignment
U018,D080,0.4329869787109365,1.0,0.8013533333333331,0.9205413333333332,1,Weligama Bay,beach;adventure,matara,6000,4.0,53,25,47,29.9,0.049,0.951,strong preference match; good contextual suitability; suitable weather conditions
U018,D040,0.42406136910254527,0.9592683170212054,0.7660733333333334,0.8819903235460567,2,Arugam Bay,beach;adventure,ampara,8000,5.0,51,30,57,25.0,0.255,0.745,strong preference match; good contextual suitability
U019,D046,0.3548994642936122,0.5942170461004671,0.85384,0.6980662276602803,1,Koneswaram Temple,heritage;religious,trincomalee,3000,2.0,62,40,53,28.5,0.229,0.771,good contextual suitability; fits a lower travel budget; suitable weather conditions
U019,D050,0.3599168963586899,0.6113373186664738,0.82714,0.6976583911998844,2,Gangaramaya Temple,heritage;religious,colombo,3000,2.0,62,33,58,26.3,0.211,0.789,strong preference match; good contextual suitability; fits a lower travel budget; suitable weather conditions
U019,D045,0.19497742785345717,0.04853773890612223,0.8196066666666666,0.35696531001034,3,Fort Frederick,heritage,trincomalee,3000,2.0,57,42,51,29.9,0.48,0.52,good contextual suitability; fits a lower travel budget
U019,D010,0.18395491093113325,0.010927166082017,0.8390799999999999,0.34218829964921016,4,Jaffna Fort,heritage,jaffna,3000,2.0,54,30,63,27.2,0.058,0.942,good contextual suitability; fits a lower travel budget; suitable weather conditions
U019,D002,0.18075249033479282,0.0,0.8448666666666667,0.3379466666666667,5,Dambulla Cave Temple,heritage,matale,5000,2.0,55,41,47,28.9,0.246,0.754,good contextual suitability; fits a lower travel budget; suitable weather conditions
U020,D078,0.24821077922427523,0.0,0.7710666666666668,0.30842666666666674,1,Rumassala Sanctuary,nature;wildlife,galle,4000,3.0,72,37,58,27.1,0.504,0.496,good contextual suitability; fits a lower travel budget; good sustainability alignment
U022,D088,0.4998953527623206,1.0,0.8281266666666666,0.9312506666666667,1,Tangalle Beach,beach,hambantota,5000,4.0,55,37,61,28.8,0.061,0.939,strong preference match; good contextual suitability; fits a lower travel budget; suitable weather conditions
U022,D041,0.4449616587138766,0.7003682898485154,0.8103733333333333,0.7443703072424426,2,Pasikuda Beach,beach,batticaloa,7000,4.0,58,35,51,27.2,0.249,0.751,strong preference match; good contextual suitability; suitable weather conditions
U022,D047,0.4373435518838006,0.6588158980577973,0.8187066666666667,0.722772205501345,3,Marble Beach,beach,trincomalee,5000,3.0,52,33,61,28.9,0.259,0.741,strong preference match; good contextual suitability; fits a lower travel budget
U022,D012,0.4282441145418613,0.609183700198007,0.85284,0.7066462201188043,4,Casuarina Beach,beach,jaffna,4000,3.0,58,43,50,29.1,0.134,0.866,strong preference match; good contextual suitability; fits a lower travel budget; suitable weather conditions
U022,D079,0.4049577795348736,0.4821701340768018,0.8039266666666667,0.6108727471127477,5,Mirissa Beach,beach,matara,6000,4.0,56,36,63,24.2,0.301,0.699,good contextual suitability
U022,D055,0.40205782252475875,0.46635253627352585,0.7941466666666668,0.5974701884307823,6,Negombo Beach,beach,gampaha,5000,3.0,57,32,52,25.6,0.253,0.747,good contextual suitability; fits a lower travel budget
U022,D054,0.3804378714757783,0.3484281363508724,0.8216533333333333,0.5377182151438568,7,Mount Lavinia Beach,beach,colombo,5000,3.0,59,37,62,25.7,0.332,0.668,good contextual suitability; fits a lower travel budget
U022,D075,0.31655796827564125,0.0,0.8419066666666667,0.3367626666666667,8,Unawatuna Beach,beach,galle,6000,4.0,58,44,54,29.4,0.624,0.376,good contextual suitability
U023,D037,0.32303622425026207,1.0,0.7536266666666667,0.9014506666666666,1,Buduruwagala,heritage,monaragala,3000,2.5,62,31,48,27.3,0.274,0.726,strong preference match; good contextual suitability; fits a lower travel budget
U023,D008,0.27653237161759037,0.2483739745311977,0.7400133333333333,0.44502971805205194,2,Mihintale,heritage;religious,anuradhapura,3000,3.0,61,37,57,27.4,0.192,0.808,good contextual suitability; fits a lower travel budget; suitable weather conditions
U023,D010,0.27386447013326776,0.20525358610138175,0.79612,0.4416001516608291,3,Jaffna Fort,heritage,jaffna,3000,2.0,54,30,63,27.2,0.058,0.942,good contextual suitability; fits a lower travel budget; suitable weather conditions
U023,D002,0.26909683867770434,0.12819597304401614,0.7356666666666667,0.37118425049307635,4,Dambulla Cave Temple,heritage,matale,5000,2.0,55,41,47,28.9,0.246,0.754,good contextual suitability; fits a lower travel budget; suitable weather conditions
U023,D007,0.26462255599633444,0.055879656905957996,0.7353333333333333,0.3276611274769081,5,Ritigala Monastery,heritage;nature,anuradhapura,5000,3.0,60,29,53,25.4,0.564,0.436,good contextual suitability; fits a lower travel budget
U024,D073,0.22254758111916217,0.3746396849385873,0.8236533333333332,0.5542451442964857,1,Kanneliya Forest Reserve,nature;wildlife,galle,7000,5.0,62,38,63,24.6,0.353,0.647,good contextual suitability
U024,D059,0.21630038180808575,0.31308130181972466,0.8221866666666666,0.5167234477585014,2,Pinnawala Elephant Orphanage,wildlife;family,kegalle,8000,4.0,62,37,50,27.6,0.216,0.784,good contextual suitability; suitable weather conditions
U024,D065,0.18972820028271897,0.051245485609685185,0.8083333333333333,0.3540806246991445,3,Udawalawe Elephant Transit Home,wildlife,ratnapura,5000,2.0,65,31,57,26.5,0.236,0.764,good contextual suitability; fits a lower travel budget; suitable weather conditions
U024,D057,0.1845275964627901,0.0,0.8606866666666667,0.34427466666666673,4,Kalpitiya Lagoon,marine;nature,puttalam,7000,4.0,72,39,61,29.7,0.004,0.996,good contextual suitability; good sustainability alignment; suitable weather conditions
U025,D093,0.42901053736090006,1.0,0.65958,0.8638319999999999,1,Riverston,nature;adventure,matale,6000,5.0,57,34,58,24.8,0.299,0.701,strong preference match; good contextual suitability
U025,D029,0.3515064331500864,0.6688504836240265,0.7511399999999999,0.7017662901744159,2,Ella Rock,nature;adventure,badulla,5000,6.0,61,29,59,29.2,0.607,0.393,strong preference match; good contextual suitability; fits a lower travel budget
U025,D030,0.29548969790246044,0.4295094193655981,0.7623533333333334,0.5626469849526923,3,Little Adam's Peak,nature;adventure,badulla,3000,3.0,63,39,64,27.0,0.252,0.748,good contextual suitability; fits a lower travel budget
U025,D019,0.2790342541743235,0.35920072684136006,0.7426466666666668,0.5125791027714828,4,Hanthana Mountain Range,nature;adventure,kandy,5000,5.0,62,32,68,27.3,0.216,0.784,good contextual suitability; fits a lower travel budget; suitable weather conditions
U025,D091,0.2720558949532456,0.32938449575671863,0.7368000000000001,0.4923506974540312,5,Madulsima Mini World's End,nature;adventure,badulla,5000,4.0,65,30,58,25.3,0.596,0.404,good contextual suitability; fits a lower travel budget
U025,D098,0.2066587222152273,0.049963910936525295,0.7500866666666667,0.33001301322858184,6,Ohiya,nature;adventure,badulla,5000,4.0,63,38,66,27.9,0.175,0.825,good contextual suitability; fits a lower travel budget; suitable weather conditions
U025,D035,0.19496488614267904,0.0,0.7389466666666669,0.29557866666666677,7,Diyaluma Falls,nature;adventure,badulla,5000,5.0,67,26,62,25.3,0.167,0.833,good contextual suitability; fits a lower travel budget; suitable weather conditions
U026,D053,0.18763343768796442,0.31353340994127554,0.7886533333333334,0.5035813792980987,1,Dutch Hospital Colombo,heritage;city,colombo,5000,2.5,60,30,63,24.3,0.327,0.673,good contextual suitability; fits a lower travel budget
U026,D055,0.1527631108471461,0.13513666706623018,0.6195866666666667,0.3289166669064048,2,Negombo Beach,beach,gampaha,5000,3.0,57,32,52,25.6,0.253,0.747,good contextual suitability; fits a lower travel budget
U026,D020,0.1263486165417265,0.0,0.6242999999999999,0.24971999999999994,3,Nuwara Eliya City,city;nature,nuwara eliya,5000,3.0,67,34,57,26.2,0.466,0.534,good contextual suitability; fits a lower travel budget
U027,D099,0.42763002708435327,0.7148371873523829,0.8351733333333333,0.7629716457447631,1,Baker's Falls,nature,nuwara eliya,3000,3.0,64,34,58,30.5,0.544,0.456,strong preference match; good contextual suitability; fits a lower travel budget
U027,D036,0.38940009664110864,0.5107365851689539,0.8471933333333332,0.6453192844347057,2,Dunhinda Falls,nature,badulla,3000,3.0,57,40,52,24.9,0.476,0.524,good contextual suitability; fits a lower travel budget
U027,D098,0.3707399800803636,0.41111461404046534,0.8557666666666667,0.588975435090946,3,Ohiya,nature;adventure,badulla,5000,4.0,63,38,66,27.9,0.175,0.825,good contextual suitability; fits a lower travel budget; suitable weather conditions
U027,D078,0.31508784901946796,0.1140009826363303,0.8488066666666667,0.40792325624846487,4,Rumassala Sanctuary,nature;wildlife,galle,4000,3.0,72,37,58,27.1,0.504,0.496,good contextual suitability; fits a lower travel budget; good sustainability alignment
U028,D080,0.39503470860672896,0.7207067493639823,0.8140733333333332,0.7580533829517226,1,Weligama Bay,beach;adventure,matara,6000,4.0,53,25,47,29.9,0.049,0.951,strong preference match; good contextual suitability; suitable weather conditions
U028,D040,0.3868914484992647,0.6888660670178621,0.7783133333333334,0.7246449735440507,2,Arugam Bay,beach;adventure,ampara,8000,5.0,51,30,57,25.0,0.255,0.745,strong preference match; good contextual suitability
U029,D046,0.3548994642936122,0.5942170461004671,0.8340000000000001,0.6901302276602803,1,Koneswaram Temple,heritage;religious,trincomalee,3000,2.0,62,40,53,28.5,0.229,0.771,good contextual suitability; fits a lower travel budget; suitable weather conditions
U029,D050,0.3599168963586899,0.6113373186664738,0.8073,0.6897223911998843,2,Gangaramaya Temple,heritage;religious,colombo,3000,2.0,62,33,58,26.3,0.211,0.789,strong preference match; good contextual suitability; fits a lower travel budget; suitable weather conditions
U029,D045,0.19497742785345717,0.04853773890612223,0.8013666666666668,0.3496693100103401,3,Fort Frederick,heritage,trincomalee,3000,2.0,57,42,51,29.9,0.48,0.52,good contextual suitability; fits a lower travel budget
U029,D010,0.18395491093113325,0.010927166082017,0.8217999999999999,0.33527629964921013,4,Jaffna Fort,heritage,jaffna,3000,2.0,54,30,63,27.2,0.058,0.942,good contextual suitability; fits a lower travel budget; suitable weather conditions
U029,D002,0.18075249033479282,0.0,0.8272666666666667,0.3309066666666667,5,Dambulla Cave Temple,heritage,matale,5000,2.0,55,41,47,28.9,0.246,0.754,good contextual suitability; fits a lower travel budget; suitable weather conditions
U030,D085,0.42424399932148577,1.0,0.7408466666666668,0.8963386666666666,1,Yala National Park,wildlife;nature,hambantota,16000,6.0,66,34,63,26.6,0.632,0.368,strong preference match; good contextual suitability
U030,D038,0.32727581299240543,0.3231238561728301,0.7419666666666668,0.49066098037036476,2,Gal Oya National Park,wildlife;nature,ampara,15000,6.0,65,36,65,26.3,0.374,0.626,good contextual suitability
U030,D078,0.2809856097130027,0.0,0.7480266666666668,0.29921066666666674,3,Rumassala Sanctuary,nature;wildlife,galle,4000,3.0,72,37,58,27.1,0.504,0.496,good contextual suitability; fits a lower travel budget; good sustainability alignment
U032,D041,0.4912249839698499,1.0,0.8242933333333333,0.9297173333333333,1,Pasikuda Beach,beach,batticaloa,7000,4.0,58,35,51,27.2,0.249,0.751,strong preference match; good contextual suitability; suitable weather conditions
U032,D088,0.4497508293148193,0.7804266764182985,0.8413266666666666,0.8047866725176458,2,Tangalle Beach,beach,hambantota,5000,4.0,55,37,61,28.8,0.061,0.939,strong preference match; good contextual suitability; fits a lower travel budget; suitable weather conditions
U032,D055,0.44386037213978524,0.7492412967500229,0.8078266666666667,0.7726754447166804,3,Negombo Beach,beach,gampaha,5000,3.0,57,32,52,25.6,0.253,0.747,strong preference match; good contextual suitability; fits a lower travel budget
U032,D047,0.39347360216158794,0.48248262160201694,0.8311866666666665,0.6219642396278768,4,Marble Beach,beach,trincomalee,5000,3.0,52,33,61,28.9,0.259,0.741,good contextual suitability; fits a lower travel budget
U032,D012,0.38528692975461076,0.43914057197071604,0.8667600000000001,0.6101883431824298,5,Casuarina Beach,beach,jaffna,4000,3.0,58,43,50,29.1,0.134,0.866,good contextual suitability; fits a lower travel budget; suitable weather conditions
U032,D079,0.3643364479723267,0.32822409992115215,0.8173666666666667,0.523881126619358,6,Mirissa Beach,beach,matara,6000,4.0,56,36,63,24.2,0.301,0.699,good contextual suitability
U032,D054,0.34227613290165526,0.2114319256232899,0.8358133333333334,0.4611844887073073,7,Mount Lavinia Beach,beach,colombo,5000,3.0,59,37,62,25.7,0.332,0.668,good contextual suitability; fits a lower travel budget
U033,D037,0.32303622425026207,1.0,0.7685066666666667,0.9074026666666667,1,Buduruwagala,heritage,monaragala,3000,2.5,62,31,48,27.3,0.274,0.726,strong preference match; good contextual suitability; fits a lower travel budget
U033,D008,0.27653237161759037,0.2483739745311977,0.7546533333333333,0.4508857180520519,2,Mihintale,heritage;religious,anuradhapura,3000,3.0,61,37,57,27.4,0.192,0.808,good contextual suitability; fits a lower travel budget; suitable weather conditions
U033,D010,0.27386447013326776,0.20525358610138175,0.80908,0.4467841516608291,3,Jaffna Fort,heritage,jaffna,3000,2.0,54,30,63,27.2,0.058,0.942,good contextual suitability; fits a lower travel budget; suitable weather conditions
U033,D002,0.26909683867770434,0.12819597304401614,0.7488666666666667,0.37646425049307636,4,Dambulla Cave Temple,heritage,matale,5000,2.0,55,41,47,28.9,0.246,0.754,good contextual suitability; fits a lower travel budget; suitable weather conditions
U033,D007,0.26462255599633444,0.055879656905957996,0.7497333333333333,0.3334211274769081,5,Ritigala Monastery,heritage;nature,anuradhapura,5000,3.0,60,29,53,25.4,0.564,0.436,good contextual suitability; fits a lower travel budget
U034,D073,0.2436363506516696,0.876387341434094,0.8385333333333332,0.8612457381937897,1,Kanneliya Forest Reserve,nature;wildlife,galle,7000,5.0,62,38,63,24.6,0.353,0.647,strong preference match; good contextual suitability
U034,D057,0.20201356478750376,0.5228091842119695,0.8779666666666667,0.6648721771938484,2,Kalpitiya Lagoon,marine;nature,puttalam,7000,4.0,72,39,61,29.7,0.004,0.996,good contextual suitability; good sustainability alignment; suitable weather conditions
U035,D093,0.42901053736090006,1.0,0.75326,0.901304,1,Riverston,nature;adventure,matale,6000,5.0,57,34,58,24.8,0.299,0.701,strong preference match; good contextual suitability
U035,D029,0.3515064331500864,0.6688504836240265,0.7657799999999999,0.7076222901744159,2,Ella Rock,nature;adventure,badulla,5000,6.0,61,29,59,29.2,0.607,0.393,strong preference match; good contextual suitability; fits a lower travel budget
U035,D023,0.3143803168755168,0.5102228138453914,0.7608400000000002,0.6104696883072349,3,World's End,nature;adventure,nuwara eliya,7000,5.0,63,30,58,28.9,0.539,0.461,good contextual suitability
U035,D030,0.29548969790246044,0.4295094193655981,0.7774733333333335,0.5686949849526923,4,Little Adam's Peak,nature;adventure,badulla,3000,3.0,63,39,64,27.0,0.252,0.748,good contextual suitability; fits a lower travel budget
U035,D018,0.2778641209906338,0.3542011330544254,0.7719733333333335,0.5213100131659887,5,Knuckles Mountain Range,nature;adventure,matale,10000,7.0,63,40,62,29.3,0.476,0.524,good contextual suitability
U035,D019,0.2790342541743235,0.35920072684136006,0.7575266666666667,0.5185311027714827,6,Hanthana Mountain Range,nature;adventure,kandy,5000,5.0,62,32,68,27.3,0.216,0.784,good contextual suitability; fits a lower travel budget; suitable weather conditions
U035,D091,0.2720558949532456,0.32938449575671863,0.7524000000000002,0.4985906974540313,7,Madulsima Mini World's End,nature;adventure,badulla,5000,4.0,65,30,58,25.3,0.596,0.404,good contextual suitability; fits a lower travel budget
U035,D098,0.2066587222152273,0.049963910936525295,0.7652066666666667,0.3360610132285819,8,Ohiya,nature;adventure,badulla,5000,4.0,63,38,66,27.9,0.175,0.825,good contextual suitability; fits a lower travel budget; suitable weather conditions
U035,D035,0.19496488614267904,0.0,0.7550266666666667,0.3020106666666667,9,Diyaluma Falls,nature;adventure,badulla,5000,5.0,67,26,62,25.3,0.167,0.833,good contextual suitability; fits a lower travel budget; suitable weather conditions
U036,D055,0.22339102827352758,0.5917669412063873,0.6013466666666667,0.595598831390499,1,Negombo Beach,beach,gampaha,5000,3.0,57,32,52,25.6,0.253,0.747,good contextual suitability; fits a lower travel budget
U036,D053,0.1655035818034325,0.2470073553715195,0.7694533333333334,0.45598574655624513,2,Dutch Hospital Colombo,heritage;city,colombo,5000,2.5,60,30,63,24.3,0.327,0.673,good contextual suitability; fits a lower travel budget
U037,D099,0.42763002708435327,0.7148371873523829,0.8146933333333333,0.7547796457447631,1,Baker's Falls,nature,nuwara eliya,3000,3.0,64,34,58,30.5,0.544,0.456,strong preference match; good contextual suitability; fits a lower travel budget
U037,D036,0.38940009664110864,0.5107365851689539,0.8289533333333332,0.6380232844347056,2,Dunhinda Falls,nature,badulla,3000,3.0,57,40,52,24.9,0.476,0.524,good contextual suitability; fits a lower travel budget
U037,D098,0.3707399800803636,0.41111461404046534,0.8356066666666667,0.5809114350909459,3,Ohiya,nature;adventure,badulla,5000,4.0,63,38,66,27.9,0.175,0.825,good contextual suitability; fits a lower travel budget; suitable weather conditions
U037,D078,0.31508784901946796,0.1140009826363303,0.8257666666666668,0.3987072562484649,4,Rumassala Sanctuary,nature;wildlife,galle,4000,3.0,72,37,58,27.1,0.504,0.496,good contextual suitability; fits a lower travel budget; good sustainability alignment
U038,D080,0.4329869787109365,1.0,0.7971133333333332,0.9188453333333333,1,Weligama Bay,beach;adventure,matara,6000,4.0,53,25,47,29.9,0.049,0.951,strong preference match; good contextual suitability; suitable weather conditions
U038,D040,0.42406136910254527,0.9592683170212054,0.7619933333333334,0.8803583235460566,2,Arugam Bay,beach;adventure,ampara,8000,5.0,51,30,57,25.0,0.255,0.745,strong preference match; good contextual suitability
U038,D047,0.2309577942534808,0.07804743263147104,0.6138866666666667,0.2923831262455493,3,Marble Beach,beach,trincomalee,5000,3.0,52,33,61,28.9,0.259,0.741,good contextual suitability; fits a lower travel budget
U039,D046,0.3548994642936122,0.5942170461004671,0.8488800000000001,0.6960822276602803,1,Koneswaram Temple,heritage;religious,trincomalee,3000,2.0,62,40,53,28.5,0.229,0.771,good contextual suitability; fits a lower travel budget; suitable weather conditions
U039,D050,0.3599168963586899,0.6113373186664738,0.82218,0.6956743911998844,2,Gangaramaya Temple,heritage;religious,colombo,3000,2.0,62,33,58,26.3,0.211,0.789,strong preference match; good contextual suitability; fits a lower travel budget; suitable weather conditions
U039,D045,0.19497742785345717,0.04853773890612223,0.8150466666666667,0.35514131001034,3,Fort Frederick,heritage,trincomalee,3000,2.0,57,42,51,29.9,0.48,0.52,good contextual suitability; fits a lower travel budget
U039,D010,0.18395491093113325,0.010927166082017,0.83476,0.34046029964921015,4,Jaffna Fort,heritage,jaffna,3000,2.0,54,30,63,27.2,0.058,0.942,good contextual suitability; fits a lower travel budget; suitable weather conditions
U039,D002,0.18075249033479282,0.0,0.8404666666666667,0.3361866666666667,5,Dambulla Cave Temple,heritage,matale,5000,2.0,55,41,47,28.9,0.246,0.754,good contextual suitability; fits a lower travel budget; suitable weather conditions
U040,D096,0.36488536038867525,0.6222621985237051,0.7492333333333333,0.6730506524475564,1,Wasgamuwa National Park,wildlife;nature,matale,14000,5.0,65,30,57,26.5,0.396,0.604,strong preference match; good contextual suitability
U040,D090,0.32896026061422057,0.43066235436967626,0.7493200000000001,0.5581254126218058,2,Lunugamvehera National Park,wildlife;nature,monaragala,12000,5.0,71,32,57,25.8,0.202,0.798,good contextual suitability; good sustainability alignment; suitable weather conditions
U040,D078,0.24821077922427523,0.0,0.7653066666666668,0.30612266666666677,3,Rumassala Sanctuary,nature;wildlife,galle,4000,3.0,72,37,58,27.1,0.504,0.496,good contextual suitability; fits a lower travel budget; good sustainability alignment
U042,D088,0.4998953527623206,1.0,0.8545266666666665,0.9418106666666666,1,Tangalle Beach,beach,hambantota,5000,4.0,55,37,61,28.8,0.061,0.939,strong preference match; good contextual suitability; fits a lower travel budget; suitable weather conditions
U042,D041,0.4449616587138766,0.7003682898485154,0.8382133333333333,0.7555063072424426,2,Pasikuda Beach,beach,batticaloa,7000,4.0,58,35,51,27.2,0.249,0.751,strong preference match; good contextual suitability; suitable weather conditions
U042,D047,0.4373435518838006,0.6588158980577973,0.8436666666666666,0.732756205501345,3,Marble Beach,beach,trincomalee,5000,3.0,52,33,61,28.9,0.259,0.741,strong preference match; good contextual suitability; fits a lower travel budget
U042,D012,0.4282441145418613,0.609183700198007,0.88068,0.7177822201188042,4,Casuarina Beach,beach,jaffna,4000,3.0,58,43,50,29.1,0.134,0.866,strong preference match; good contextual suitability; fits a lower travel budget; suitable weather conditions
U042,D079,0.4049577795348736,0.4821701340768018,0.8308066666666667,0.6216247471127478,5,Mirissa Beach,beach,matara,6000,4.0,56,36,63,24.2,0.301,0.699,good contextual suitability
U042,D055,0.40205782252475875,0.46635253627352585,0.8215066666666666,0.6084141884307821,6,Negombo Beach,beach,gampaha,5000,3.0,57,32,52,25.6,0.253,0.747,good contextual suitability; fits a lower travel budget
U042,D054,0.3804378714757783,0.3484281363508724,0.8499733333333334,0.5490462151438568,7,Mount Lavinia Beach,beach,colombo,5000,3.0,59,37,62,25.7,0.332,0.668,good contextual suitability; fits a lower travel budget
U042,D075,0.31655796827564125,0.0,0.8697466666666667,0.3478986666666667,8,Unawatuna Beach,beach,galle,6000,4.0,58,44,54,29.4,0.624,0.376,good contextual suitability
U043,D037,0.32303622425026207,1.0,0.7486666666666667,0.8994666666666666,1,Buduruwagala,heritage,monaragala,3000,2.5,62,31,48,27.3,0.274,0.726,strong preference match; good contextual suitability; fits a lower travel budget
U043,D008,0.27653237161759037,0.2483739745311977,0.7351333333333333,0.443077718052052,2,Mihintale,heritage;religious,anuradhapura,3000,3.0,61,37,57,27.4,0.192,0.808,good contextual suitability; fits a lower travel budget; suitable weather conditions
U043,D010,0.27386447013326776,0.20525358610138175,0.7918,0.43987215166082905,3,Jaffna Fort,heritage,jaffna,3000,2.0,54,30,63,27.2,0.058,0.942,good contextual suitability; fits a lower travel budget; suitable weather conditions
U043,D002,0.26909683867770434,0.12819597304401614,0.7312666666666667,0.36942425049307637,4,Dambulla Cave Temple,heritage,matale,5000,2.0,55,41,47,28.9,0.246,0.754,good contextual suitability; fits a lower travel budget; suitable weather conditions
U043,D007,0.26462255599633444,0.055879656905957996,0.7305333333333333,0.32574112747690814,5,Ritigala Monastery,heritage;nature,anuradhapura,5000,3.0,60,29,53,25.4,0.564,0.436,good contextual suitability; fits a lower travel budget
U044,D073,0.22254758111916217,0.3746396849385873,0.8186933333333333,0.5522611442964858,1,Kanneliya Forest Reserve,nature;wildlife,galle,7000,5.0,62,38,63,24.6,0.353,0.647,good contextual suitability
U044,D059,0.21630038180808575,0.31308130181972466,0.8172266666666668,0.5147394477585014,2,Pinnawala Elephant Orphanage,wildlife;family,kegalle,8000,4.0,62,37,50,27.6,0.216,0.784,good contextual suitability; suitable weather conditions
U044,D089,0.2084227340464471,0.23545687608280252,0.7863866666666666,0.45582879231634815,3,Kalametiya Bird Sanctuary,wildlife;nature,hambantota,5000,4.0,69,36,53,26.4,0.543,0.457,good contextual suitability; fits a lower travel budget
U044,D065,0.18972820028271897,0.051245485609685185,0.8031333333333333,0.35200062469914445,4,Udawalawe Elephant Transit Home,wildlife,ratnapura,5000,2.0,65,31,57,26.5,0.236,0.764,good contextual suitability; fits a lower travel budget; suitable weather conditions
U044,D057,0.1845275964627901,0.0,0.8549266666666667,0.3419706666666667,5,Kalpitiya Lagoon,marine;nature,puttalam,7000,4.0,72,39,61,29.7,0.004,0.996,good contextual suitability; good sustainability alignment; suitable weather conditions
U045,D093,0.42901053736090006,1.0,0.73502,0.8940079999999999,1,Riverston,nature;adventure,matale,6000,5.0,57,34,58,24.8,0.299,0.701,strong preference match; good contextual suitability
U045,D029,0.3515064331500864,0.6688504836240265,0.7462599999999999,0.699814290174416,2,Ella Rock,nature;adventure,badulla,5000,6.0,61,29,59,29.2,0.607,0.393,strong preference match; good contextual suitability; fits a lower travel budget
U045,D023,0.3143803168755168,0.5102228138453914,0.7406800000000001,0.6024056883072348,3,World's End,nature;adventure,nuwara eliya,7000,5.0,63,30,58,28.9,0.539,0.461,good contextual suitability
U045,D030,0.29548969790246044,0.4295094193655981,0.7573133333333334,0.5606309849526923,4,Little Adam's Peak,nature;adventure,badulla,3000,3.0,63,39,64,27.0,0.252,0.748,good contextual suitability; fits a lower travel budget
U045,D018,0.2778641209906338,0.3542011330544254,0.7518133333333334,0.5132460131659886,5,Knuckles Mountain Range,nature;adventure,matale,10000,7.0,63,40,62,29.3,0.476,0.524,good contextual suitability
U045,D019,0.2790342541743235,0.35920072684136006,0.7376866666666667,0.5105951027714828,6,Hanthana Mountain Range,nature;adventure,kandy,5000,5.0,62,32,68,27.3,0.216,0.784,good contextual suitability; fits a lower travel budget; suitable weather conditions
U045,D091,0.2720558949532456,0.32938449575671863,0.7316000000000001,0.49027069745403123,7,Madulsima Mini World's End,nature;adventure,badulla,5000,4.0,65,30,58,25.3,0.596,0.404,good contextual suitability; fits a lower travel budget
U045,D098,0.2066587222152273,0.049963910936525295,0.7450466666666666,0.3279970132285818,8,Ohiya,nature;adventure,badulla,5000,4.0,63,38,66,27.9,0.175,0.825,good contextual suitability; fits a lower travel budget; suitable weather conditions
U045,D035,0.19496488614267904,0.0,0.7335866666666668,0.29343466666666673,9,Diyaluma Falls,nature;adventure,badulla,5000,5.0,67,26,62,25.3,0.167,0.833,good contextual suitability; fits a lower travel budget; suitable weather conditions
U046,D053,0.18763343768796442,0.31353340994127554,0.7838533333333334,0.5016613792980987,1,Dutch Hospital Colombo,heritage;city,colombo,5000,2.5,60,30,63,24.3,0.327,0.673,good contextual suitability; fits a lower travel budget
U046,D055,0.1527631108471461,0.13513666706623018,0.6150266666666666,0.32709266690640476,2,Negombo Beach,beach,gampaha,5000,3.0,57,32,52,25.6,0.253,0.747,good contextual suitability; fits a lower travel budget
U046,D020,0.1263486165417265,0.0,0.6189399999999999,0.247576,3,Nuwara Eliya City,city;nature,nuwara eliya,5000,3.0,67,34,57,26.2,0.466,0.534,good contextual suitability; fits a lower travel budget
U047,D099,0.42763002708435327,0.7148371873523829,0.8300533333333333,0.760923645744763,1,Baker's Falls,nature,nuwara eliya,3000,3.0,64,34,58,30.5,0.544,0.456,strong preference match; good contextual suitability; fits a lower travel budget
U047,D036,0.38940009664110864,0.5107365851689539,0.8426333333333332,0.6434952844347057,2,Dunhinda Falls,nature,badulla,3000,3.0,57,40,52,24.9,0.476,0.524,good contextual suitability; fits a lower travel budget
U047,D098,0.3707399800803636,0.41111461404046534,0.8507266666666666,0.586959435090946,3,Ohiya,nature;adventure,badulla,5000,4.0,63,38,66,27.9,0.175,0.825,good contextual suitability; fits a lower travel budget; suitable weather conditions
U047,D078,0.31508784901946796,0.1140009826363303,0.8430466666666667,0.4056192562484649,4,Rumassala Sanctuary,nature;wildlife,galle,4000,3.0,72,37,58,27.1,0.504,0.496,good contextual suitability; fits a lower travel budget; good sustainability alignment
U048,D080,0.39503470860672896,0.7207067493639823,0.8098333333333332,0.7563573829517227,1,Weligama Bay,beach;adventure,matara,6000,4.0,53,25,47,29.9,0.049,0.951,strong preference match; good contextual suitability; suitable weather conditions
U048,D040,0.3868914484992647,0.6888660670178621,0.7742333333333333,0.7230129735440507,2,Arugam Bay,beach;adventure,ampara,8000,5.0,51,30,57,25.0,0.255,0.745,strong preference match; good contextual suitability
U049,D046,0.3548994642936122,0.5942170461004671,0.86376,0.7020342276602802,1,Koneswaram Temple,heritage;religious,trincomalee,3000,2.0,62,40,53,28.5,0.229,0.771,good contextual suitability; fits a lower travel budget; suitable weather conditions
U049,D050,0.3599168963586899,0.6113373186664738,0.8370599999999999,0.7016263911998843,2,Gangaramaya Temple,heritage;religious,colombo,3000,2.0,62,33,58,26.3,0.211,0.789,strong preference match; good contextual suitability; fits a lower travel budget; suitable weather conditions
U049,D045,0.19497742785345717,0.04853773890612223,0.8287266666666666,0.36061331001033997,3,Fort Frederick,heritage,trincomalee,3000,2.0,57,42,51,29.9,0.48,0.52,good contextual suitability; fits a lower travel budget
U049,D010,0.18395491093113325,0.010927166082017,0.8477199999999999,0.3456442996492102,4,Jaffna Fort,heritage,jaffna,3000,2.0,54,30,63,27.2,0.058,0.942,good contextual suitability; fits a lower travel budget; suitable weather conditions
U049,D002,0.18075249033479282,0.0,0.8536666666666667,0.3414666666666667,5,Dambulla Cave Temple,heritage,matale,5000,2.0,55,41,47,28.9,0.246,0.754,good contextual suitability; fits a lower travel budget; suitable weather conditions
U050,D078,0.2809856097130027,0.0,0.7422666666666669,0.29690666666666676,1,Rumassala Sanctuary,nature;wildlife,galle,4000,3.0,72,37,58,27.1,0.504,0.496,good contextual suitability; fits a lower travel budget; good sustainability alignment
