user_id,destination_id,content_similarity,content_similarity_normalized,sbert_similarity,sbert_similarity_normalized,interest_match,budget_fit,sustainability_fit,context_score,sbert_hybrid_score,name,category,district,estimated_cost_lkr,duration_hours,sustainability_score,crowd_score,seasonality_score,rank
U001,D051,0.05860226870849345,0.38435605788355043,0.5771709,0.64948916,1.0,1.0,0.5,0.9,0.6185891873603064,Viharamahadevi Park,nature;city,colombo,2000,2.0,58,29,56,1
U001,D053,0.07265584526113783,0.49234764791415797,0.71864265,0.90832067,0.0,1.0,0.5,0.4,0.5894352826153703,Dutch Hospital Colombo,heritage;city,colombo,5000,2.5,60,30,63,2
U001,D098,0.0636416513975367,0.4230800757393537,0.43801886,0.39490166,1.0,1.0,0.5,0.9,0.557702535175693,Ohiya,nature;adventure,badulla,5000,4.0,63,38,66,3
U001,D052,0.03660474536515655,0.21532097178403634,0.716527,0.90444994,0.5,1.0,0.5,0.65,0.5524633944738074,Independence Square,heritage;city,colombo,2000,2.0,60,38,49,4
U001,D066,0.05117919523835743,0.32731509724615526,0.4789533,0.46979383,1.0,1.0,0.5,0.9,0.5418641868009508,Bopath Ella,nature,ratnapura,3000,3.0,57,34,56,5
U001,D048,0.05195575918448715,0.3332824305430456,0.7415508,0.9502326,0.0,1.0,0.5,0.4,0.5383827656799716,Colombo National Museum,heritage;culture,colombo,3000,2.5,58,26,53,6
U001,D070,0.04909245157620157,0.31127997869691304,0.47299904,0.45890012,1.0,1.0,0.5,0.9,0.5321820316093805,Brief Garden,nature,kalutara,4000,2.5,59,37,67,7
U001,D029,0.06354035688814152,0.42230170056275873,0.3887785,0.3048133,1.0,1.0,0.5,0.9,0.5303646733762915,Ella Rock,nature;adventure,badulla,5000,6.0,61,29,59,8
U001,D054,0.06074117058342292,0.40079197464309,0.53848183,0.5787051,0.5,1.0,0.5,0.65,0.5289283115781223,Mount Lavinia Beach,beach,colombo,5000,3.0,59,37,62,9
U001,D020,0.06605010350354398,0.44158729142683306,0.37009856,0.27063712,1.0,1.0,0.5,0.9,0.5278260540037853,Nuwara Eliya City,city;nature,nuwara eliya,5000,3.0,67,34,57,10
U002,D043,0.11492416268467132,0.8171491523131866,0.44656688,0.4105408,1.0,1.0,0.5,0.9,0.7200219007152375,Nilaveli Beach,beach,trincomalee,7000,4.0,57,31,48,1
U002,D041,0.09190745380484651,0.6402823611520299,0.545849,0.5921838,1.0,1.0,0.5,0.9,0.7037681048879054,Pasikuda Beach,beach,batticaloa,7000,4.0,58,35,51,2
U002,D088,0.09844969420776542,0.6905547555725631,0.49482888,0.49883923,1.0,1.0,0.5,0.9,0.6958736829535508,Tangalle Beach,beach,hambantota,5000,4.0,55,37,61,3
U002,D012,0.09399132657162206,0.6562954189428758,0.47828096,0.4685637,1.0,1.0,0.5,0.9,0.6730872882226735,Casuarina Beach,beach,jaffna,4000,3.0,58,43,50,4
U002,D079,0.0915577467991058,0.6375951152788307,0.4901388,0.49025843,1.0,1.0,0.5,0.9,0.6721155767340146,Mirissa Beach,beach,matara,6000,4.0,56,36,63,5
U002,D047,0.09633805879926616,0.6743283619229082,0.44302067,0.40405276,1.0,1.0,0.5,0.9,0.6609471799828246,Marble Beach,beach,trincomalee,5000,3.0,52,33,61,6
U002,D054,0.09272061825726763,0.6465309429165631,0.43762323,0.39417782,1.0,1.0,0.5,0.9,0.6468657274244989,Mount Lavinia Beach,beach,colombo,5000,3.0,59,37,62,7
U002,D015,0.06496362229440505,0.43323846770400554,0.71424305,0.9002714,0.5,1.0,0.5,0.65,0.6383768177552014,Kandy Lake,nature;city,kandy,2000,2.0,63,25,53,8
U002,D055,0.09389519588703348,0.6555567240319708,0.41045928,0.34447965,1.0,1.0,0.5,0.9,0.6355665861806099,Negombo Beach,beach,gampaha,5000,3.0,57,32,52,9
U002,D040,0.0953074919112314,0.6664091993912303,0.3670504,0.26506034,1.0,1.0,0.5,0.9,0.6160817818659243,Arugam Bay,beach;adventure,ampara,8000,5.0,51,30,57,10
U003,D037,0.07896703313031796,0.5408445704179456,0.44441715,0.40660772,1.0,1.0,0.5,0.9,0.6083201493103286,Buduruwagala,heritage,monaragala,3000,2.5,62,31,48,1
U003,D010,0.07651591783931357,0.5220095189538333,0.44383946,0.4055508,1.0,1.0,0.5,0.9,0.6004690543662203,Jaffna Fort,heritage,jaffna,3000,2.0,54,30,63,2
U003,D008,0.07638056516075102,0.5209694313349901,0.43890315,0.3965195,1.0,1.0,0.5,0.9,0.5973436305857729,Mihintale,heritage;religious,anuradhapura,3000,3.0,61,37,57,3
U003,D042,0.07395888709015568,0.5023605836579456,0.4514535,0.4194812,1.0,1.0,0.5,0.9,0.5967885928610664,Batticaloa Fort,heritage,batticaloa,3000,2.0,57,39,49,4
U003,D007,0.0755764310925142,0.5147902415535579,0.41756442,0.35747895,1.0,1.0,0.5,0.9,0.5831597835358672,Ritigala Monastery,heritage;nature,anuradhapura,5000,3.0,60,29,53,5
U003,D005,0.07339830088456828,0.4980528833751149,0.42144543,0.36457953,1.0,1.0,0.5,0.9,0.5785950134112147,Polonnaruwa Ancient City,heritage,polonnaruwa,5000,4.0,58,32,62,6
U003,D045,0.07754993877736478,0.5299552233662862,0.3974235,0.32062986,1.0,1.0,0.5,0.9,0.5781710518060788,Fort Frederick,heritage,trincomalee,3000,2.0,57,42,51,7
U003,D074,0.0749608675212105,0.5100600799053121,0.4029853,0.3308055,1.0,1.0,0.5,0.9,0.5732656910073443,Galle Fort,heritage;coastal,galle,5000,4.0,55,34,49,8
U003,D006,0.06858420858961171,0.4610600595527241,0.39688608,0.31964663,1.0,1.0,0.5,0.9,0.5503180177948217,Anuradhapura Sacred City,heritage;religious,anuradhapura,5000,5.0,61,29,52,9
U003,D002,0.07294740672148364,0.49458808724833336,0.35630158,0.24539468,1.0,1.0,0.5,0.9,0.541453639466575,Dambulla Cave Temple,heritage,matale,5000,2.0,55,41,47,10
U004,D096,0.10148947214086376,0.7139132544646813,0.4630256,0.44065306,1.0,1.0,0.5,0.9,0.6877612215379936,Wasgamuwa National Park,wildlife;nature,matale,14000,5.0,65,30,57,1
U004,D004,0.08847954392277323,0.6139413484382897,0.4177595,0.35783586,1.0,0.8,0.5,0.84,0.6049272985835182,Kaudulla National Park,wildlife;nature,polonnaruwa,15000,4.0,64,33,66,2
U004,D022,0.07201471919504113,0.4874210569479015,0.45050907,0.4177533,1.0,1.0,0.5,0.9,0.5902944154825984,Horton Plains National Park,nature;wildlife,nuwara eliya,7000,6.0,65,27,64,3
U004,D059,0.0707086662394574,0.4773849828702944,0.41000205,0.3436431,1.0,1.0,0.5,0.9,0.5640469243591125,Pinnawala Elephant Orphanage,wildlife;family,kegalle,8000,4.0,62,37,50,4
U004,D089,0.05562319878350789,0.3614640562065099,0.47795236,0.46796253,1.0,1.0,0.5,0.9,0.5549743943741979,Kalametiya Bird Sanctuary,wildlife;nature,hambantota,5000,4.0,69,36,53,5
U004,D003,0.06890597749969542,0.4635326213303035,0.43496478,0.38931403,1.0,0.8,0.5,0.84,0.5542072621847322,Minneriya National Park,wildlife;nature,polonnaruwa,15000,4.0,70,35,59,6
U004,D064,0.08102153664616592,0.5566319467181193,0.35785306,0.24823323,1.0,0.8,0.5,0.84,0.5491227473638148,Udawalawe National Park,wildlife;nature,ratnapura,15000,5.0,64,25,66,7
U004,D084,0.04682464588896451,0.2938535292000337,0.48556614,0.48189244,1.0,1.0,0.5,0.9,0.5321091546237773,Rekawa Turtle Beach,beach;wildlife,hambantota,5000,4.0,66,35,60,8
U004,D073,0.05677899151324542,0.37034548892668717,0.429475,0.37927017,1.0,1.0,0.5,0.9,0.5319192528688583,Kanneliya Forest Reserve,nature;wildlife,galle,7000,5.0,62,38,63,9
U004,D055,0.05364548595595843,0.3462667609079827,0.70872664,0.8901788,0.0,1.0,0.5,0.4,0.5255603680938145,Negombo Beach,beach,gampaha,5000,3.0,57,32,52,10
U005,D060,0.06088775561614867,0.40191837479464176,0.5070972,0.5212848,1.0,1.0,0.5,0.9,0.5871528014731088,Kitulgala,adventure;nature,kegalle,9000,5.0,57,25,58,1
U005,D035,0.06830408900513125,0.45890754277427703,0.35886413,0.25008306,1.0,1.0,0.5,0.9,0.5285879348314592,Diyaluma Falls,nature;adventure,badulla,5000,5.0,67,26,62,2
U005,D018,0.03743338551402588,0.2216884731033186,0.52842736,0.56030977,1.0,1.0,0.5,0.9,0.526768325518717,Knuckles Mountain Range,nature;adventure,matale,10000,7.0,63,40,62,3
U005,D093,0.040853699529756114,0.24797111706793837,0.5050968,0.517625,1.0,1.0,0.5,0.9,0.5244759510233423,Riverston,nature;adventure,matale,6000,5.0,57,34,58,4
U005,D023,0.03988613591530138,0.24053608920942024,0.5052762,0.5179533,1.0,1.0,0.5,0.9,0.5216004216542652,World's End,nature;adventure,nuwara eliya,7000,5.0,63,30,58,5
U005,D092,0.037396867714601933,0.22140786017824307,0.51777923,0.54082835,1.0,1.0,0.5,0.9,0.5208116512133643,Meemure,nature;village;adventure,kandy,8000,7.0,63,21,52,6
U005,D019,0.03861612156291846,0.23077694577986266,0.49891552,0.50631595,1.0,1.0,0.5,0.9,0.5142055712263356,Hanthana Mountain Range,nature;adventure,kandy,5000,5.0,62,32,68,7
U005,D098,0.04180457352321168,0.2552778972379085,0.4796116,0.47099826,1.0,1.0,0.5,0.9,0.5134106450554418,Ohiya,nature;adventure,badulla,5000,4.0,63,38,66,8
U005,D080,0.047872025251685685,0.30190188346215363,0.561483,0.62078714,0.5,1.0,0.5,0.65,0.501996896497044,Weligama Bay,beach;adventure,matara,6000,4.0,53,25,47,9
U005,D062,0.027724639691136192,0.14708377054312996,0.49198276,0.49363205,1.0,1.0,0.5,0.9,0.4769231257080204,Adam's Peak,religious;nature,ratnapura,5000,8.0,62,28,65,10
U006,D074,0.0610538799836639,0.4031949206279103,0.6768604,0.83187735,0.5,1.0,0.5,0.65,0.60584118541425,Galle Fort,heritage;coastal,galle,5000,4.0,55,34,49,1
U006,D049,0.045397462649145556,0.2828866563363368,0.69457644,0.86429,0.5,1.0,0.5,0.65,0.5674416622369883,Galle Face Green,city;coastal,colombo,2000,2.0,55,27,55,2
U006,D053,0.04026387855596655,0.24343876869709244,0.4821095,0.47556826,1.0,1.0,0.5,0.9,0.5100459898759164,Dutch Hospital Colombo,heritage;city,colombo,5000,2.5,60,30,63,3
U006,D068,0.05383022934878807,0.3476863805090562,0.38863662,0.30455372,0.5,1.0,0.5,0.65,0.4254406718864113,Ratnapura Gem Museum Area,culture;heritage,ratnapura,4000,2.5,56,23,62,4
U006,D048,0.03135920158177644,0.17501275475327657,0.46445024,0.44325957,0.5,1.0,0.5,0.65,0.39798297498824,Colombo National Museum,heritage;culture,colombo,3000,2.5,58,26,53,5
U006,D100,0.02955514901207814,0.16114991316482238,0.4589684,0.4332302,0.5,1.0,0.5,0.65,0.38942902568691895,Pekoe Trail - Tea Country Section,nature;adventure;culture,nuwara eliya,7000,6.0,59,39,62,6
U006,D092,0.021387199174628196,0.09838511539734682,0.47345662,0.45973727,0.5,1.0,0.5,0.65,0.3722752304603151,Meemure,nature;village;adventure,kandy,8000,7.0,63,21,52,7
U006,D073,0.029419262529913455,0.16010572365066852,0.56196135,0.62166226,0.0,1.0,0.5,0.4,0.3705409761315244,Kanneliya Forest Reserve,nature;wildlife,galle,7000,5.0,62,38,63,8
U006,D076,0.02869815963667132,0.15456456850591382,0.5608863,0.6196954,0.0,1.0,0.5,0.4,0.36773445789266856,Jungle Beach,beach;nature,galle,5000,4.0,65,36,52,9
U006,D054,0.032176175053071916,0.18129060607799305,0.38967264,0.30644915,0.5,1.0,0.5,0.65,0.3594509904251433,Mount Lavinia Beach,beach,colombo,5000,3.0,59,37,62,10
U007,D098,0.08691539985115214,0.6019220304590863,0.49570948,0.5004504,1.0,1.0,0.5,0.9,0.6609039269726437,Ohiya,nature;adventure,badulla,5000,4.0,63,38,66,1
U007,D007,0.07218436348371043,0.4887246508340829,0.4543237,0.42473242,1.0,1.0,0.5,0.9,0.5929095853940961,Ritigala Monastery,heritage;nature,anuradhapura,5000,3.0,60,29,53,2
U007,D026,0.06095134866588485,0.4024070414717812,0.5095434,0.5257604,1.0,1.0,0.5,0.9,0.5886909521744974,Lover's Leap Waterfall,nature,nuwara eliya,3000,2.5,60,26,63,3
U007,D035,0.0747984405059667,0.5088119455549994,0.425967,0.372852,1.0,1.0,0.5,0.9,0.5853803819765202,Diyaluma Falls,nature;adventure,badulla,5000,5.0,67,26,62,4
U007,D017,0.05792087977432643,0.37912007584336926,0.51506484,0.5358622,1.0,1.0,0.5,0.9,0.5824067044820926,Udawattakele Forest Reserve,nature,kandy,3000,3.0,72,24,67,5
U007,D099,0.0632650427369064,0.42018611006958895,0.4574117,0.4303821,1.0,1.0,0.5,0.9,0.5671890867671315,Baker's Falls,nature,nuwara eliya,3000,3.0,64,34,58,6
U007,D073,0.05800431404135574,0.3797612079513264,0.5623553,0.622383,1.0,0.5,0.5,0.75,0.5636193857007104,Kanneliya Forest Reserve,nature;wildlife,galle,7000,5.0,62,38,63,7
U007,D067,0.06553235954158901,0.437608802856979,0.43328202,0.38623533,1.0,1.0,0.5,0.9,0.5609141235717048,Bambarakanda Falls,nature,badulla,3000,3.0,62,28,53,8
U007,D036,0.06521247011580297,0.4351506835593607,0.41299772,0.34912387,1.0,1.0,0.5,0.9,0.5487974360137712,Dunhinda Falls,nature,badulla,3000,3.0,57,40,52,9
U007,D019,0.05264252662928462,0.33855974255448373,0.4651503,0.44454035,1.0,1.0,0.5,0.9,0.5387860114512674,Hanthana Mountain Range,nature;adventure,kandy,5000,5.0,62,32,68,10
U008,D040,0.13178409843127478,0.9467055867389121,0.44793093,0.41303644,1.0,1.0,0.5,0.9,0.7725931684285514,Arugam Bay,beach;adventure,ampara,8000,5.0,51,30,57,1
U008,D080,0.09174896725728517,0.6390645064510933,0.5221486,0.5488224,1.0,1.0,0.5,0.9,0.6902725324073645,Weligama Bay,beach;adventure,matara,6000,4.0,53,25,47,2
U008,D071,0.11265306803255518,0.7996974294956322,0.45413554,0.42438814,0.5,1.0,0.5,0.65,0.6421954169104813,Bentota Beach,beach;adventure,galle,7000,4.0,58,33,49,3
U008,D041,0.07672401117507896,0.5236085660092143,0.5971396,0.6860231,0.5,1.0,0.5,0.65,0.6102503671976769,Pasikuda Beach,beach,batticaloa,7000,4.0,58,35,51,4
U008,D063,0.07078552770630461,0.4779756077539902,0.7247331,0.91946363,0.0,1.0,0.5,0.4,0.5870293334488861,Sinharaja Forest Reserve,nature;wildlife,ratnapura,8000,6.0,69,26,67,5
U008,D043,0.07767741079241433,0.5309347537753633,0.5057064,0.5187404,0.5,1.0,0.5,0.65,0.5629960261820814,Nilaveli Beach,beach,trincomalee,7000,4.0,57,31,48,6
U008,D092,0.06992255341056346,0.47134427330303896,0.53809047,0.577989,0.5,1.0,0.5,0.65,0.5569344159023313,Meemure,nature;village;adventure,kandy,8000,7.0,63,21,52,7
U008,D062,0.0412801940025093,0.25124841918952645,0.6677326,0.81517756,0.5,1.0,0.5,0.65,0.5400526505327519,Adam's Peak,religious;nature,ratnapura,5000,8.0,62,28,65,8
U008,D068,0.04786902494095166,0.30187882824019363,0.7599648,0.98392224,0.0,1.0,0.5,0.4,0.5359282161524923,Ratnapura Gem Museum Area,culture;heritage,ratnapura,4000,2.5,56,23,62,9
U008,D012,0.0645953003141548,0.4304081791905122,0.52849066,0.5604255,0.5,1.0,0.5,0.65,0.5352909276591762,Casuarina Beach,beach,jaffna,4000,3.0,58,43,50,10
U009,D048,0.09663211232310022,0.6765879509658816,0.4916896,0.49309567,1.0,1.0,0.5,0.9,0.6885638802373888,Colombo National Museum,heritage;culture,colombo,3000,2.5,58,26,53,1
U009,D033,0.07058561818848917,0.47643944743136546,0.58459944,0.6630801,1.0,1.0,0.5,0.9,0.6594998138064543,Demodara Railway Loop,heritage;nature,badulla,3000,2.0,55,37,54,2
U009,D050,0.06795926972885168,0.45625785557336096,0.46837842,0.4504464,1.0,1.0,0.5,0.9,0.5876370643294115,Gangaramaya Temple,heritage;religious,colombo,3000,2.0,62,33,58,3
U009,D042,0.054852951974649976,0.35554526554898747,0.46275997,0.4401671,1.0,1.0,0.5,0.9,0.5442682479117565,Batticaloa Fort,heritage,batticaloa,3000,2.0,57,39,49,4
U009,D046,0.06639904303443123,0.44426863980985065,0.38825274,0.30385134,1.0,1.0,0.5,0.9,0.5388628582862869,Koneswaram Temple,heritage;religious,trincomalee,3000,2.0,62,40,53,5
U009,D037,0.06932071768173907,0.4667196002136291,0.50812507,0.52316546,0.5,1.0,0.5,0.65,0.5386374794058253,Buduruwagala,heritage,monaragala,3000,2.5,62,31,48,6
U009,D005,0.05443718303297764,0.3523503813906136,0.4440962,0.40602055,1.0,1.0,0.5,0.9,0.5327463196223428,Polonnaruwa Ancient City,heritage,polonnaruwa,5000,4.0,58,32,62,7
U009,D045,0.08021847643892983,0.5504610087832195,0.29080492,0.12556437,1.0,1.0,0.5,0.9,0.5278537157221788,Fort Frederick,heritage,trincomalee,3000,2.0,57,42,51,8
U009,D031,0.046249066964406636,0.2894306206956917,0.60160017,0.69418406,0.5,1.0,0.5,0.65,0.5190274796587393,Nine Arches Bridge,heritage;nature,badulla,3000,2.0,66,37,68,9
U009,D006,0.050866724040877234,0.32491398167758456,0.42984283,0.3799431,1.0,1.0,0.5,0.9,0.5139485309010715,Anuradhapura Sacred City,heritage;religious,anuradhapura,5000,5.0,61,29,52,10
U010,D096,0.13862334404353285,0.9992602517745987,0.46795306,0.4496682,1.0,1.0,0.5,0.9,0.8046045663174826,Wasgamuwa National Park,wildlife;nature,matale,14000,5.0,65,30,57,1
U010,D090,0.08469413097259007,0.584853182740298,0.5073267,0.5217048,1.0,1.0,0.5,0.9,0.6604527139692653,Lunugamvehera National Park,wildlife;nature,monaragala,12000,5.0,71,32,57,2
U010,D064,0.08644652771517713,0.59831908658958,0.44513708,0.40792492,1.0,0.8,0.5,0.84,0.6137051122221013,Udawalawe National Park,wildlife;nature,ratnapura,15000,5.0,64,25,66,3
U010,D038,0.08067136996065641,0.5539411685377562,0.46004933,0.4352078,1.0,0.8,0.5,0.84,0.6041388175690255,Gal Oya National Park,wildlife;nature,ampara,15000,6.0,65,36,65,4
U010,D085,0.08648843914066343,0.5986411456370944,0.41505122,0.35288092,1.0,0.8,0.5,0.84,0.5973207372269866,Yala National Park,wildlife;nature,hambantota,16000,6.0,66,34,63,5
U010,D003,0.06769549405133254,0.4542309299206643,0.5200212,0.5449301,1.0,0.8,0.5,0.84,0.5971714021005594,Minneriya National Park,wildlife;nature,polonnaruwa,15000,4.0,70,35,59,6
U010,D004,0.0690003499089394,0.46425780516454673,0.4976534,0.50400686,1.0,0.8,0.5,0.84,0.5889051897986297,Kaudulla National Park,wildlife;nature,polonnaruwa,15000,4.0,64,33,66,7
U010,D086,0.07163321847253679,0.4844894993143881,0.4440186,0.40587857,1.0,1.0,0.5,0.9,0.5855593792731605,Bundala National Park,wildlife;nature,hambantota,12000,5.0,66,29,57,8
U010,D058,0.09471442582790847,0.6618519146963804,0.3332474,0.20321557,1.0,0.8,0.5,0.84,0.5777054396361052,Wilpattu Wildlife Area,wildlife;nature,puttalam,16000,5.0,68,30,53,9
U010,D010,0.05909345383539944,0.38813046097982007,0.76254886,0.98864996,0.0,1.0,0.5,0.4,0.5718471915730956,Jaffna Fort,heritage,jaffna,3000,2.0,54,30,63,10
U011,D051,0.05540003349189539,0.3597491920514245,0.5753509,0.6461593,1.0,1.0,0.5,0.9,0.6077474671810206,Viharamahadevi Park,nature;city,colombo,2000,2.0,58,29,56,1
U011,D034,0.06856101977369682,0.46088187024324856,0.38104486,0.2906641,1.0,1.0,0.5,0.9,0.5415519815696467,Lipton's Seat,nature,badulla,4000,4.0,67,37,64,2
U011,D052,0.034604532621073485,0.19995078087043786,0.70114833,0.8763137,0.5,1.0,0.5,0.65,0.5378744361408234,Independence Square,heritage;city,colombo,2000,2.0,60,38,49,3
U011,D048,0.049116712754505874,0.31146640833717465,0.744975,0.9564973,0.0,1.0,0.5,0.4,0.5315357806543584,Colombo National Museum,heritage;culture,colombo,3000,2.5,58,26,53,4
U011,D066,0.04838258300880969,0.3058251512358584,0.45756227,0.43065754,1.0,1.0,0.5,0.9,0.5215273301724592,Bopath Ella,nature,ratnapura,3000,3.0,57,34,56,5
U011,D053,0.04851016697369377,0.3068055418985931,0.71634626,0.9041194,0.0,1.0,0.5,0.4,0.5139580403907238,Dutch Hospital Colombo,heritage;city,colombo,5000,2.5,60,30,63,6
U011,D064,0.05357369935020294,0.3457151326680542,0.41102538,0.34551534,1.0,1.0,0.5,0.9,0.5119406611976767,Udawalawe National Park,wildlife;nature,ratnapura,15000,5.0,64,25,66,7
U011,D070,0.046409866400388015,0.29066624827438003,0.44696572,0.41127053,1.0,1.0,0.5,0.9,0.5096476595093942,Brief Garden,nature,kalutara,4000,2.5,59,37,67,8
U011,D097,0.04651488226987524,0.29147321941670024,0.44202197,0.40222558,1.0,1.0,0.5,0.9,0.5072569688646644,Haputale,nature;city,badulla,4000,3.0,61,28,52,9
U011,D032,0.04892836456100763,0.3100190884453965,0.41367015,0.35035416,1.0,1.0,0.5,0.9,0.4991138922803765,Ravana Falls,nature,badulla,3000,2.0,65,33,59,10
U012,D041,0.10449260186725885,0.7369901383459283,0.53867495,0.5790584,1.0,1.0,0.5,0.9,0.7385135839199906,Pasikuda Beach,beach,batticaloa,7000,4.0,58,35,51,1
U012,D088,0.09788987392085904,0.6862529408218522,0.49533346,0.4997624,1.0,1.0,0.5,0.9,0.694429895134054,Tangalle Beach,beach,hambantota,5000,4.0,55,37,61,2
U012,D043,0.10579106378431483,0.74696788077269,0.43545648,0.39021364,1.0,1.0,0.5,0.9,0.6858512483426492,Nilaveli Beach,beach,trincomalee,7000,4.0,57,31,48,3
U012,D055,0.10675253110487856,0.7543560630137872,0.411089,0.34563175,1.0,1.0,0.5,0.9,0.6754319542072278,Negombo Beach,beach,gampaha,5000,3.0,57,32,52,4
U012,D012,0.09345685816284274,0.6521884150731494,0.4699139,0.45325568,1.0,1.0,0.5,0.9,0.6668520829052897,Casuarina Beach,beach,jaffna,4000,3.0,58,43,50,5
U012,D079,0.09103711659812826,0.6335944480457668,0.48290944,0.47703186,1.0,1.0,0.5,0.9,0.6665473392311241,Mirissa Beach,beach,matara,6000,4.0,56,36,63,6
U012,D047,0.09579024602898789,0.6701188162688313,0.42703372,0.37480363,1.0,1.0,0.5,0.9,0.6504886192371011,Marble Beach,beach,trincomalee,5000,3.0,52,33,61,7
U012,D054,0.09219337555191834,0.6424794633612042,0.41777843,0.3578705,1.0,1.0,0.5,0.9,0.6343529381126167,Mount Lavinia Beach,beach,colombo,5000,3.0,59,37,62,8
U012,D071,0.0847294197231745,0.585124351312336,0.45374966,0.42368212,1.0,1.0,0.5,0.9,0.6311543805319535,Bentota Beach,beach;adventure,galle,7000,4.0,58,33,49,9
U012,D015,0.06459421582784378,0.4303998456961413,0.6947584,0.86462295,0.5,1.0,0.5,0.65,0.6265468353655537,Kandy Lake,nature;city,kandy,2000,2.0,63,25,53,10
U013,D007,0.10277931685582442,0.7238247799144052,0.42058095,0.36299792,1.0,1.0,0.5,0.9,0.6684292892521964,Ritigala Monastery,heritage;nature,anuradhapura,5000,3.0,60,29,53,1
U013,D005,0.09981719319426022,0.7010629980376478,0.41579682,0.35424504,1.0,1.0,0.5,0.9,0.6566987162276553,Polonnaruwa Ancient City,heritage,polonnaruwa,5000,4.0,58,32,62,2
U013,D074,0.10194218810516303,0.7173920498185743,0.40170634,0.3284656,1.0,1.0,0.5,0.9,0.6554965076205488,Galle Fort,heritage;coastal,galle,5000,4.0,55,34,49,3
U013,D006,0.09327032256006938,0.6507550236325185,0.39954096,0.32450387,1.0,1.0,0.5,0.9,0.6276531730787246,Anuradhapura Sacred City,heritage;religious,anuradhapura,5000,5.0,61,29,52,4
U013,D002,0.09920400475196142,0.6963510875411146,0.3565737,0.24589255,1.0,1.0,0.5,0.9,0.6223082013729141,Dambulla Cave Temple,heritage,matale,5000,2.0,55,41,47,5
U013,D037,0.08331517804550678,0.5742569250107975,0.44502008,0.40771082,1.0,1.0,0.5,0.9,0.622016023585843,Buduruwagala,heritage,monaragala,3000,2.5,62,31,48,6
U013,D008,0.08058629194137969,0.5532874053804608,0.44874606,0.41452774,1.0,1.0,0.5,0.9,0.6156732883488549,Mihintale,heritage;religious,anuradhapura,3000,3.0,61,37,57,7
U013,D010,0.0807290975156345,0.5543847631221888,0.4436332,0.40517345,1.0,1.0,0.5,0.9,0.6133059479119729,Jaffna Fort,heritage,jaffna,3000,2.0,54,30,63,8
U013,D042,0.07803126952730996,0.533653902689837,0.4521467,0.42074946,1.0,1.0,0.5,0.9,0.6096864067237467,Batticaloa Fort,heritage,batticaloa,3000,2.0,57,39,49,9
U013,D045,0.08182005452821911,0.5627679801632548,0.38239962,0.2931427,1.0,1.0,0.5,0.9,0.5830500083823834,Fort Frederick,heritage,trincomalee,3000,2.0,57,42,51,10
U014,D059,0.08291308437122683,0.5711671254096724,0.4305532,0.38124278,1.0,1.0,0.5,0.9,0.6128396921777048,Pinnawala Elephant Orphanage,wildlife;family,kegalle,8000,4.0,62,37,50,1
U014,D063,0.0714662751007239,0.4832066600243603,0.44071466,0.39983377,1.0,1.0,0.5,0.9,0.5832328020421805,Sinharaja Forest Reserve,nature;wildlife,ratnapura,8000,6.0,69,26,67,2
U014,D089,0.05548193031820442,0.3603785100373794,0.4883073,0.48690757,1.0,1.0,0.5,0.9,0.5602236874021359,Kalametiya Bird Sanctuary,wildlife;nature,hambantota,5000,4.0,69,36,53,3
U014,D022,0.05424207129976732,0.35085108857898795,0.48390102,0.47884598,1.0,1.0,0.5,0.9,0.5539942305546954,Horton Plains National Park,nature;wildlife,nuwara eliya,7000,6.0,65,27,64,4
U014,D073,0.05663478763486415,0.3692373862272328,0.46626198,0.44657424,1.0,1.0,0.5,0.9,0.5516672267677715,Kanneliya Forest Reserve,nature;wildlife,galle,7000,5.0,62,38,63,5
U014,D084,0.04670572346077302,0.2929396961937103,0.5034977,0.51469934,1.0,1.0,0.5,0.9,0.5415856893781723,Rekawa Turtle Beach,beach;wildlife,hambantota,5000,4.0,66,35,60,6
U014,D057,0.04563410792267496,0.28470510442077546,0.45909554,0.43346277,1.0,1.0,0.5,0.9,0.513920884327171,Kalpitiya Lagoon,marine;nature,puttalam,7000,4.0,72,39,61,7
U014,D055,0.0400152903397123,0.24152854771984825,0.73200226,0.932763,0.0,1.0,0.5,0.4,0.49644032514720443,Negombo Beach,beach,gampaha,5000,3.0,57,32,52,8
U014,D003,0.0687309742293962,0.46218784753913555,0.45863277,0.43261608,1.0,0.0,0.5,0.6,0.49465997638080467,Minneriya National Park,wildlife;nature,polonnaruwa,15000,4.0,70,35,59,9
U014,D065,0.047914946382441884,0.3022317013657251,0.4016056,0.3282813,1.0,1.0,0.5,0.9,0.48937707748079934,Udawalawe Elephant Transit Home,wildlife,ratnapura,5000,2.0,65,31,57,10
U015,D060,0.06269620965918779,0.41581503852814006,0.49846983,0.50550056,1.0,1.0,0.5,0.9,0.5879761908634884,Kitulgala,adventure;nature,kegalle,9000,5.0,57,25,58,1
U015,D035,0.07033281883212904,0.4744968668825792,0.36700937,0.2649853,1.0,1.0,0.5,0.9,0.5392943406584806,Diyaluma Falls,nature;adventure,badulla,5000,5.0,67,26,62,2
U015,D093,0.04206711325046315,0.2572953255050747,0.50968814,0.5260252,1.0,1.0,0.5,0.9,0.530725688976978,Riverston,nature;adventure,matale,6000,5.0,57,34,58,3
U015,D018,0.03854521098192876,0.23023204915782577,0.5189853,0.5430349,1.0,1.0,0.5,0.9,0.5250032959900728,Knuckles Mountain Range,nature;adventure,matale,10000,7.0,63,40,62,4
U015,D098,0.0430462295711401,0.26481912757060133,0.4928692,0.49525383,1.0,1.0,0.5,0.9,0.5245038063331493,Ohiya,nature;adventure,badulla,5000,4.0,63,38,66,5
U015,D023,0.04107081160300405,0.24963946660992556,0.5022812,0.5124737,1.0,1.0,0.5,0.9,0.5235979063138845,World's End,nature;adventure,nuwara eliya,7000,5.0,63,30,58,6
U015,D092,0.03850760855126258,0.2299431016246876,0.5100176,0.5266279,1.0,1.0,0.5,0.9,0.5199656101147494,Meemure,nature;village;adventure,kandy,8000,7.0,63,21,52,7
U015,D080,0.04929389335535939,0.3128279133417601,0.5594905,0.6171417,0.5,1.0,0.5,0.65,0.5052736824265478,Weligama Bay,beach;adventure,matara,6000,4.0,53,25,47,8
U015,D019,0.03976307599505764,0.23959046256367786,0.475424,0.46333674,1.0,1.0,0.5,0.9,0.5048372117750821,Hanthana Mountain Range,nature;adventure,kandy,5000,5.0,62,32,68,9
U015,D091,0.039367480032656096,0.23655059318740915,0.43101385,0.38208553,1.0,1.0,0.5,0.9,0.479245899840195,Madulsima Mini World's End,nature;adventure,badulla,5000,4.0,65,30,58,10
U016,D074,0.05947142188944812,0.39103487260661074,0.7106527,0.8937026,0.5,1.0,0.5,0.65,0.6195247607530019,Galle Fort,heritage;coastal,galle,5000,4.0,55,34,49,1
U016,D049,0.05566057236434373,0.36175124519391677,0.7254534,0.9207814,0.5,1.0,0.5,0.65,0.6159349162313295,Galle Face Green,city;coastal,colombo,2000,2.0,55,27,55,2
U016,D053,0.039220277386926045,0.23541944712579613,0.4934142,0.49625096,1.0,1.0,0.5,0.9,0.5130430749661937,Dutch Hospital Colombo,heritage;city,colombo,5000,2.5,60,30,63,3
U016,D068,0.05243500136050504,0.33696506068378096,0.40137494,0.32785925,0.5,1.0,0.5,0.65,0.42814380604135754,Ratnapura Gem Museum Area,culture;heritage,ratnapura,4000,2.5,56,23,62,4
U016,D071,0.04124521993459816,0.2509796687266522,0.5569011,0.6124042,0.0,1.0,0.5,0.4,0.4041131416281578,Bentota Beach,beach;adventure,galle,7000,4.0,58,33,49,5
U016,D048,0.030546401111364006,0.16876696992770857,0.47465146,0.46192333,0.5,1.0,0.5,0.65,0.4010837872777622,Colombo National Museum,heritage;culture,colombo,3000,2.5,58,26,53,6
U016,D100,0.028789107856422993,0.1552634399159527,0.4693488,0.45222178,0.5,1.0,0.5,0.65,0.3927719102709999,Pekoe Trail - Tea Country Section,nature;adventure;culture,nuwara eliya,7000,6.0,59,39,62,7
U016,D096,0.059232260846620026,0.38919709265133484,0.41053486,0.34461793,0.0,1.0,0.5,0.4,0.37906421846111915,Wasgamuwa National Park,wildlife;nature,matale,14000,5.0,65,30,57,8
U016,D073,0.028656743421729393,0.15424631479392287,0.5801588,0.65495574,0.0,1.0,0.5,0.4,0.3781852523208055,Kanneliya Forest Reserve,nature;wildlife,galle,7000,5.0,62,38,63,9
U016,D076,0.02795433082483663,0.14884878108342375,0.5808033,0.65613484,0.0,1.0,0.5,0.4,0.37637997750218666,Jungle Beach,beach;nature,galle,5000,4.0,65,36,52,10
U017,D073,0.05722859548476711,0.37380037086274254,0.56466174,0.6266029,1.0,1.0,0.5,0.9,0.6075010237179836,Kanneliya Forest Reserve,nature;wildlife,galle,7000,5.0,62,38,63,1
U017,D026,0.06013621805033236,0.39614335116302657,0.50672245,0.52059925,1.0,1.0,0.5,0.9,0.5846371261936653,Lover's Leap Waterfall,nature,nuwara eliya,3000,2.5,60,26,63,2
U017,D098,0.06220509563264016,0.4120411817867945,0.48732978,0.48511913,1.0,1.0,0.5,0.9,0.5803522248919563,Ohiya,nature;adventure,badulla,5000,4.0,63,38,66,3
U017,D017,0.05714627702283368,0.373167812911408,0.5106932,0.527864,1.0,1.0,0.5,0.9,0.5776263249269076,Udawattakele Forest Reserve,nature,kandy,3000,3.0,72,24,67,4
U017,D092,0.0556464409631247,0.3616426555775094,0.50415426,0.5159006,1.0,1.0,0.5,0.9,0.5694272577151651,Meemure,nature;village;adventure,kandy,8000,7.0,63,21,52,5
U017,D099,0.06241897001894614,0.4136846520420341,0.4548248,0.4256492,1.0,1.0,0.5,0.9,0.5631686315105926,Baker's Falls,nature,nuwara eliya,3000,3.0,64,34,58,6
U017,D067,0.06465596494588352,0.43087434308939343,0.43756473,0.39407077,1.0,1.0,0.5,0.9,0.5605709754912582,Bambarakanda Falls,nature,badulla,3000,3.0,62,28,53,7
U017,D036,0.06434035354954651,0.4284490973596293,0.41626364,0.3550991,1.0,1.0,0.5,0.9,0.5479093739725955,Dunhinda Falls,nature,badulla,3000,3.0,57,40,52,8
U017,D007,0.04899606982889523,0.31053935455027326,0.44927412,0.41549388,1.0,1.0,0.5,0.9,0.5188639105031614,Ritigala Monastery,heritage;nature,anuradhapura,5000,3.0,60,29,53,9
U017,D023,0.031179362796383406,0.17363082351954284,0.5313144,0.5655917,1.0,1.0,0.5,0.9,0.5091298402653992,World's End,nature;adventure,nuwara eliya,7000,5.0,63,30,58,10
U018,D080,0.08798019644357612,0.610104223557355,0.52360815,0.5514927,1.0,1.0,0.5,0.9,0.6794895056756505,Weligama Bay,beach;adventure,matara,6000,4.0,53,25,47,1
U018,D071,0.11299787332625927,0.8023470092505501,0.44455063,0.40685198,0.5,1.0,0.5,0.65,0.6379944013035412,Bentota Beach,beach;adventure,galle,7000,4.0,58,33,49,2
U018,D040,0.08890824371928686,0.6172355968808753,0.44041586,0.39928713,1.0,1.0,0.5,0.9,0.6366803820552676,Arugam Bay,beach;adventure,ampara,8000,5.0,51,30,57,3
U018,D041,0.060568611803979024,0.39946598499938046,0.5822551,0.65879107,0.5,1.0,0.5,0.65,0.5524237284657327,Pasikuda Beach,beach,batticaloa,7000,4.0,58,35,51,4
U018,D062,0.039584528154798626,0.23821845131131988,0.6522857,0.7869164,0.5,1.0,0.5,0.65,0.5263623049935221,Adam's Peak,religious;nature,ratnapura,5000,8.0,62,28,65,5
U018,D012,0.06194192022929695,0.4100188688077805,0.5233902,0.55109394,0.5,1.0,0.5,0.65,0.5243357372537565,Casuarina Beach,beach,jaffna,4000,3.0,58,43,50,6
U018,D079,0.06033814880017505,0.3976950431945815,0.5212028,0.54709196,0.5,1.0,0.5,0.65,0.5182056055499273,Mirissa Beach,beach,matara,6000,4.0,56,36,63,7
U018,D088,0.06488006210412657,0.432596367966787,0.48811573,0.48655704,0.5,1.0,0.5,0.65,0.5140056581781929,Tangalle Beach,beach,hambantota,5000,4.0,55,37,61,8
U018,D076,0.05940793691968907,0.3905470364460687,0.51432264,0.5345043,0.5,1.0,0.5,0.65,0.5115701058772937,Jungle Beach,beach;nature,galle,5000,4.0,65,36,52,9
U018,D068,0.045902709793531365,0.2867691158850686,0.7246593,0.9193286,0.0,1.0,0.5,0.4,0.5105062353451926,Ratnapura Gem Museum Area,culture;heritage,ratnapura,4000,2.5,56,23,62,10
U019,D048,0.09836670269867032,0.6899170257396876,0.50600696,0.5192902,1.0,1.0,0.5,0.9,0.7017538759210658,Colombo National Museum,heritage;culture,colombo,3000,2.5,58,26,53,1
U019,D033,0.0718526621454094,0.4861757655162263,0.5646471,0.62657607,1.0,1.0,0.5,0.9,0.6524431349523325,Demodara Railway Loop,heritage;nature,badulla,3000,2.0,55,37,54,2
U019,D005,0.07716711897542612,0.5270135295596104,0.46381897,0.4421046,1.0,1.0,0.5,0.9,0.6134368031106942,Polonnaruwa Ancient City,heritage,polonnaruwa,5000,4.0,58,32,62,3
U019,D050,0.06917916953615685,0.4656319049034676,0.48207256,0.47550073,1.0,1.0,0.5,0.9,0.5989029936804041,Gangaramaya Temple,heritage;religious,colombo,3000,2.0,62,33,58,4
U019,D002,0.0766930725314519,0.5233708248686469,0.40929672,0.34235266,1.0,1.0,0.5,0.9,0.5820541289906374,Dambulla Cave Temple,heritage,matale,5000,2.0,55,41,47,5
U019,D006,0.07210583515268709,0.4881212173025621,0.43210453,0.38408104,1.0,1.0,0.5,0.9,0.580472803637219,Anuradhapura Sacred City,heritage;religious,anuradhapura,5000,5.0,61,29,52,6
U019,D053,0.05909238039714129,0.3881222123817595,0.4904458,0.49082008,1.0,1.0,0.5,0.9,0.5724949179059662,Dutch Hospital Colombo,heritage;city,colombo,5000,2.5,60,30,63,7
U019,D074,0.07880991947766706,0.5396372654232542,0.36537024,0.2619864,1.0,1.0,0.5,0.9,0.5644508275665109,Galle Fort,heritage;coastal,galle,5000,4.0,55,34,49,8
U019,D046,0.06759093606280145,0.4534274772629314,0.39892703,0.32338068,1.0,1.0,0.5,0.9,0.5483852020233939,Koneswaram Temple,heritage;religious,trincomalee,3000,2.0,62,40,53,9
U019,D042,0.055837587416010304,0.3631114780725164,0.46310738,0.44080272,1.0,1.0,0.5,0.9,0.5474854081798046,Batticaloa Fort,heritage,batticaloa,3000,2.0,57,39,49,10
U020,D063,0.07771112499887715,0.5311938231125459,0.5580579,0.61452067,1.0,1.0,0.5,0.9,0.6668337418609852,Sinharaja Forest Reserve,nature;wildlife,ratnapura,8000,6.0,69,26,67,1
U020,D090,0.08809459638083364,0.610983304485798,0.52274203,0.54990804,1.0,0.5,0.5,0.75,0.6343657463014603,Lunugamvehera National Park,wildlife;nature,monaragala,12000,5.0,71,32,57,2
U020,D059,0.10525987158945488,0.7428860522417188,0.47246554,0.45792404,0.5,1.0,0.5,0.65,0.6295316383086824,Pinnawala Elephant Orphanage,wildlife;family,kegalle,8000,4.0,62,37,50,3
U020,D064,0.10336799862395643,0.7283483743122059,0.4562316,0.42822298,1.0,0.0,0.5,0.6,0.5998062538882429,Udawalawe National Park,wildlife;nature,ratnapura,15000,5.0,64,25,66,4
U020,D010,0.06146605325065231,0.4063621746221836,0.7687525,0.9999999,0.0,1.0,0.5,0.4,0.5825448519674801,Jaffna Fort,heritage,jaffna,3000,2.0,54,30,63,5
U020,D096,0.09349151179152981,0.6524547031919232,0.4749194,0.46241358,1.0,0.0,0.5,0.6,0.5797059550444313,Wasgamuwa National Park,wildlife;nature,matale,14000,5.0,65,30,57,6
U020,D073,0.04100386775645083,0.24912505147830652,0.57112205,0.63842237,1.0,1.0,0.5,0.9,0.5611767464795749,Kanneliya Forest Reserve,nature;wildlife,galle,7000,5.0,62,38,63,7
U020,D089,0.057042288351188464,0.372368735042933,0.47218248,0.4574062,1.0,1.0,0.5,0.9,0.5561693519225611,Kalametiya Bird Sanctuary,wildlife;nature,hambantota,5000,4.0,69,36,53,8
U020,D092,0.058674654075286145,0.384912287169783,0.59375393,0.6798289,0.5,1.0,0.5,0.65,0.5529135914540644,Meemure,nature;village;adventure,kandy,8000,7.0,63,21,52,9
U020,D086,0.07450928885309065,0.5065900238515034,0.445645,0.40885416,1.0,0.5,0.5,0.75,0.5502922580504852,Bundala National Park,wildlife;nature,hambantota,12000,5.0,66,29,57,10
U021,D051,0.05517562351433555,0.35802476338341693,0.5937376,0.67979896,1.0,1.0,0.5,0.9,0.617149596539318,Viharamahadevi Park,nature;city,colombo,2000,2.0,58,29,56,1
U021,D052,0.03446435937749413,0.1988736506895777,0.7228198,0.91596305,0.5,1.0,0.5,0.65,0.5493383763868236,Independence Square,heritage;city,colombo,2000,2.0,60,38,49,2
U021,D048,0.04891775474469412,0.3099375596666307,0.7670246,0.99683857,0.0,1.0,0.5,0.4,0.5430266066799152,Colombo National Museum,heritage;culture,colombo,3000,2.5,58,26,53,3
U021,D066,0.048186598752430435,0.304319153713585,0.47341228,0.45965615,1.0,1.0,0.5,0.9,0.5296245121905808,Bopath Ella,nature,ratnapura,3000,3.0,57,34,56,4
U021,D070,0.046221873064987054,0.28922165521089493,0.47202954,0.45712635,1.0,1.0,0.5,0.9,0.5228265668475798,Brief Garden,nature,kalutara,4000,2.5,59,37,67,5
U021,D053,0.04831366591050247,0.3052955730890704,0.73203516,0.9328232,0.0,1.0,0.5,0.4,0.5219651955022602,Dutch Hospital Colombo,heritage;city,colombo,5000,2.5,60,30,63,6
U021,D097,0.04632646354467883,0.2900253575397411,0.45534503,0.42660102,1.0,1.0,0.5,0.9,0.5139904497604719,Haputale,nature;city,badulla,4000,3.0,61,28,52,7
U021,D032,0.048730169496833495,0.30849610246128023,0.4171542,0.3567284,1.0,1.0,0.5,0.9,0.5004169639027365,Ravana Falls,nature,badulla,3000,2.0,65,33,59,8
U021,D049,0.03130026045761983,0.17455983476582565,0.6417157,0.767578,0.5,1.0,0.5,0.65,0.4950973445842401,Galle Face Green,city;coastal,colombo,2000,2.0,55,27,55,9
U021,D063,0.03190564356822807,0.1792117669232634,0.490883,0.49161997,1.0,1.0,0.5,0.9,0.48917070802243345,Sinharaja Forest Reserve,nature;wildlife,ratnapura,8000,6.0,69,26,67,10
U022,D041,0.09437103236237239,0.6592131838216847,0.53781426,0.57748365,1.0,1.0,0.5,0.9,0.7069303756958034,Pasikuda Beach,beach,batticaloa,7000,4.0,58,35,51,1
U022,D088,0.10108863746649423,0.710833129368951,0.49582016,0.5006528,1.0,1.0,0.5,0.9,0.7045290887684545,Tangalle Beach,beach,hambantota,5000,4.0,55,37,61,2
U022,D012,0.09651076332184404,0.6756554714973854,0.47774276,0.46757904,1.0,1.0,0.5,0.9,0.6805359086249705,Casuarina Beach,beach,jaffna,4000,3.0,58,43,50,3
U022,D079,0.09401195146316502,0.6564539063445411,0.48929062,0.48870662,1.0,1.0,0.5,0.9,0.6791935510822806,Mirissa Beach,beach,matara,6000,4.0,56,36,63,4
U022,D047,0.09892039968791151,0.6941717873684679,0.43354407,0.38671473,1.0,1.0,0.5,0.9,0.6636831359335627,Marble Beach,beach,trincomalee,5000,3.0,52,33,61,5
U022,D043,0.0955437200876858,0.6682244423857648,0.4363282,0.39180848,1.0,1.0,0.5,0.9,0.6548323269220717,Nilaveli Beach,beach,trincomalee,7000,4.0,57,31,48,6
U022,D055,0.09641205585503082,0.6748969758753548,0.41189632,0.3471088,1.0,1.0,0.5,0.9,0.6440914351822762,Negombo Beach,beach,gampaha,5000,3.0,57,32,52,7
U022,D054,0.09520599368137828,0.665629258769989,0.41598397,0.3545874,1.0,1.0,0.5,0.9,0.6426279267741204,Mount Lavinia Beach,beach,colombo,5000,3.0,59,37,62,8
U022,D015,0.06670497166573608,0.4466194804806749,0.6926716,0.86080503,0.5,1.0,0.5,0.65,0.6318893264253633,Kandy Lake,nature;city,kandy,2000,2.0,63,25,53,9
U022,D071,0.07398023594937347,0.502524634228534,0.45527783,0.42647806,1.0,1.0,0.5,0.9,0.5989532800620343,Bentota Beach,beach;adventure,galle,7000,4.0,58,33,49,10
U023,D037,0.10173813777622505,0.7158240703518716,0.43739894,0.39376745,1.0,1.0,0.5,0.9,0.6744598650048386,Buduruwagala,heritage,monaragala,3000,2.5,62,31,48,1
U023,D045,0.0999124070274867,0.7017946476077427,0.39163962,0.3100479,1.0,1.0,0.5,0.9,0.6437322334184404,Fort Frederick,heritage,trincomalee,3000,2.0,57,42,51,2
U023,D010,0.07638589211495486,0.521010365132329,0.43910712,0.3968927,1.0,1.0,0.5,0.9,0.5974719565287578,Jaffna Fort,heritage,jaffna,3000,2.0,54,30,63,3
U023,D008,0.07625076944513523,0.5199720449646236,0.43407124,0.38767925,1.0,1.0,0.5,0.9,0.5942925971706677,Mihintale,heritage;religious,anuradhapura,3000,3.0,61,37,57,4
U023,D042,0.07383320660251054,0.5013948198436041,0.4458719,0.4092693,1.0,1.0,0.5,0.9,0.5933387203525837,Batticaloa Fort,heritage,batticaloa,3000,2.0,57,39,49,5
U023,D007,0.07544800186530573,0.5138033556600852,0.40838656,0.34068748,1.0,1.0,0.5,0.9,0.5777275947793501,Ritigala Monastery,heritage;nature,anuradhapura,5000,3.0,60,29,53,6
U023,D005,0.07327357301736481,0.4970944397611372,0.41924116,0.36054668,1.0,1.0,0.5,0.9,0.5770017808859726,Polonnaruwa Ancient City,heritage,polonnaruwa,5000,4.0,58,32,62,7
U023,D074,0.07483348433908009,0.509081232113087,0.39988333,0.32513025,1.0,1.0,0.5,0.9,0.5711715750147676,Galle Fort,heritage;coastal,galle,5000,4.0,55,34,49,8
U023,D006,0.0684676614494446,0.4601644789200632,0.3896904,0.3064817,1.0,1.0,0.5,0.9,0.5460102998225533,Anuradhapura Sacred City,heritage;religious,anuradhapura,5000,5.0,61,29,52,9
U023,D002,0.07282344507184403,0.4936355314631742,0.35011977,0.2340847,1.0,1.0,0.5,0.9,0.5376796227486722,Dambulla Cave Temple,heritage,matale,5000,2.0,55,41,47,10
U024,D003,0.06874586632294313,0.4623022825269121,0.4337785,0.38714364,1.0,1.0,0.5,0.9,0.5710640129744299,Minneriya National Park,wildlife;nature,polonnaruwa,15000,4.0,70,35,59,1
U024,D059,0.0705443663025146,0.47612245646885365,0.41452664,0.35192117,1.0,1.0,0.5,0.9,0.5660253413231029,Pinnawala Elephant Orphanage,wildlife;family,kegalle,8000,4.0,62,37,50,2
U024,D004,0.07007096849724337,0.4724847360980474,0.4150142,0.35281315,1.0,1.0,0.5,0.9,0.5648378482274995,Kaudulla National Park,wildlife;nature,polonnaruwa,15000,4.0,64,33,66,3
U024,D089,0.05549395171184429,0.36047088576883046,0.48146072,0.4743813,1.0,1.0,0.5,0.9,0.5565027436555623,Kalametiya Bird Sanctuary,wildlife;nature,hambantota,5000,4.0,69,36,53,4
U024,D022,0.054253824050387145,0.35094139998277285,0.45217645,0.42080387,1.0,1.0,0.5,0.9,0.5366177224124283,Horton Plains National Park,nature;wildlife,nuwara eliya,7000,6.0,65,27,64,5
U024,D073,0.0566470588206712,0.3693316814311547,0.43690485,0.39286348,1.0,1.0,0.5,0.9,0.5355917232039851,Kanneliya Forest Reserve,nature;wildlife,galle,7000,5.0,62,38,63,6
U024,D084,0.046715843294090585,0.2930174598068883,0.49103302,0.49189445,1.0,1.0,0.5,0.9,0.5347753289926406,Rekawa Turtle Beach,beach;wildlife,hambantota,5000,4.0,66,35,60,7
U024,D096,0.0510373400475371,0.3262250425150057,0.46444324,0.44324675,1.0,1.0,0.5,0.9,0.5334640455933436,Wasgamuwa National Park,wildlife;nature,matale,14000,5.0,65,30,57,8
U024,D085,0.049109991921857,0.311414763590276,0.47436166,0.46139315,1.0,1.0,0.5,0.9,0.532983849748206,Yala National Park,wildlife;nature,hambantota,16000,6.0,66,34,63,9
U024,D055,0.0535208343336243,0.3453089031807819,0.7047818,0.8829614,0.0,1.0,0.5,0.4,0.5230119968745008,Negombo Beach,beach,gampaha,5000,3.0,57,32,52,10
U025,D035,0.0922203022615352,0.642686375685261,0.3523978,0.23825249,1.0,1.0,0.5,0.9,0.5985503019721216,Diyaluma Falls,nature;adventure,badulla,5000,5.0,67,26,62,1
U025,D098,0.06564880709585542,0.4385036182438877,0.47643614,0.46518853,1.0,1.0,0.5,0.9,0.5849580191387951,Ohiya,nature;adventure,badulla,5000,4.0,63,38,66,2
U025,D019,0.06064174566609418,0.4000279659318007,0.48712915,0.4847521,1.0,1.0,0.5,0.9,0.5754368189687362,Hanthana Mountain Range,nature;adventure,kandy,5000,5.0,62,32,68,3
U025,D091,0.06003843143201753,0.39539193159691277,0.4199383,0.3618221,1.0,1.0,0.5,0.9,0.5367034096374186,Madulsima Mini World's End,nature;adventure,badulla,5000,4.0,65,30,58,4
U025,D062,0.04847243536764492,0.3065156017458953,0.48228377,0.47588715,1.0,1.0,0.5,0.9,0.5353723885503021,Adam's Peak,religious;nature,ratnapura,5000,8.0,62,28,65,5
U025,D029,0.06394934293698731,0.425444463086572,0.39223272,0.311133,1.0,1.0,0.5,0.9,0.5335176903774129,Ella Rock,nature;adventure,badulla,5000,6.0,61,29,59,6
U025,D093,0.04174569389231951,0.2548254497818008,0.49673384,0.50232446,1.0,0.8,0.5,0.84,0.5046275304147345,Riverston,nature;adventure,matale,6000,5.0,57,34,58,7
U025,D060,0.06221717095389998,0.41213397191307266,0.49485922,0.49889472,1.0,0.0,0.5,0.6,0.494522014086808,Kitulgala,adventure;nature,kegalle,9000,5.0,57,25,58,8
U025,D030,0.05800909799343936,0.3797979691693839,0.34417355,0.22320572,1.0,1.0,0.5,0.9,0.48888090825357666,Little Adam's Peak,nature;adventure,badulla,3000,3.0,63,39,64,9
U025,D080,0.048917256825337756,0.30993373351584275,0.5452278,0.5910473,0.5,0.8,0.5,0.59,0.478287685462993,Weligama Bay,beach;adventure,matara,6000,4.0,53,25,47,10
U026,D074,0.05961096735196596,0.39210717874323053,0.7421602,0.9513476,0.5,1.0,0.5,0.65,0.6372471662265251,Galle Fort,heritage;coastal,galle,5000,4.0,55,34,49,1
U026,D049,0.044324564869004254,0.2746422114589958,0.74080515,0.9488684,0.5,1.0,0.5,0.65,0.5895174027530015,Galle Face Green,city;coastal,colombo,2000,2.0,55,27,55,2
U026,D053,0.03931230497890475,0.2361266127321626,0.5176277,0.54055107,1.0,1.0,0.5,0.9,0.526615973953148,Dutch Hospital Colombo,heritage;city,colombo,5000,2.5,60,30,63,3
U026,D092,0.05848973795862921,0.38349134031079213,0.4902494,0.49046072,0.5,1.0,0.5,0.65,0.4955347591763417,Meemure,nature;village;adventure,kandy,8000,7.0,63,21,52,4
U026,D068,0.05255803636260364,0.3379104958515672,0.4160999,0.35479954,0.5,1.0,0.5,0.65,0.43660406446621053,Ratnapura Gem Museum Area,culture;heritage,ratnapura,4000,2.5,56,23,62,5
U026,D078,0.05190064372172429,0.33285890800152473,0.5522691,0.60392976,0.0,1.0,0.5,0.4,0.43432249062217976,Rumassala Sanctuary,nature;wildlife,galle,4000,3.0,72,37,58,6
U026,D048,0.030618076069451678,0.1693177402359123,0.48683774,0.48421893,0.5,1.0,0.5,0.65,0.4079927796261261,Colombo National Museum,heritage;culture,colombo,3000,2.5,58,26,53,7
U026,D100,0.028856659450847096,0.15578252515120472,0.47770882,0.46751693,0.5,1.0,0.5,0.65,0.39756808873384464,Pekoe Trail - Tea Country Section,nature;adventure;culture,nuwara eliya,7000,6.0,59,39,62,8
U026,D073,0.028723984432419768,0.15476301341740262,0.6084486,0.7067137,0.0,1.0,0.5,0.4,0.3939193142632165,Kanneliya Forest Reserve,nature;wildlife,galle,7000,5.0,62,38,63,9
U026,D076,0.02801992367431616,0.14935281477786436,0.59648037,0.6848171,0.0,1.0,0.5,0.4,0.38518625161018905,Jungle Beach,beach;nature,galle,5000,4.0,65,36,52,10
U027,D073,0.05895270035006207,0.38704887205994676,0.55397177,0.6070448,1.0,1.0,0.5,0.9,0.6069330025698207,Kanneliya Forest Reserve,nature;wildlife,galle,7000,5.0,62,38,63,1
U027,D098,0.0640791256890814,0.4264417498416331,0.49938878,0.5071819,1.0,1.0,0.5,0.9,0.5927312647941362,Ohiya,nature;adventure,badulla,5000,4.0,63,38,66,2
U027,D026,0.06194791979214101,0.4100649711169395,0.50787795,0.5227133,1.0,1.0,0.5,0.9,0.5908399824968018,Lover's Leap Waterfall,nature,nuwara eliya,3000,2.5,60,26,63,3
U027,D017,0.05886790191007707,0.38639725726767005,0.5028054,0.51343274,1.0,1.0,0.5,0.9,0.578588734197313,Udawattakele Forest Reserve,nature,kandy,3000,3.0,72,24,67,4
U027,D092,0.05732288084057037,0.3745248857541408,0.5034584,0.51462746,1.0,1.0,0.5,0.9,0.574198203222097,Meemure,nature;village;adventure,kandy,8000,7.0,63,21,52,5
U027,D067,0.06660383144145755,0.44584229087381755,0.44703865,0.41140392,1.0,1.0,0.5,0.9,0.5717581010681358,Bambarakanda Falls,nature,badulla,3000,3.0,62,28,53,6
U027,D099,0.06429944339042716,0.4281347323212952,0.45880032,0.43292263,1.0,1.0,0.5,0.9,0.5711306853593958,Baker's Falls,nature,nuwara eliya,3000,3.0,64,34,58,7
U027,D036,0.06627871173656677,0.4433439806572036,0.42767704,0.37598065,1.0,1.0,0.5,0.9,0.56013179035868,Dunhinda Falls,nature,badulla,3000,3.0,57,40,52,8
U027,D007,0.05047215641911766,0.3218820143567538,0.45437482,0.42482594,1.0,1.0,0.5,0.9,0.5262005896896925,Ritigala Monastery,heritage;nature,anuradhapura,5000,3.0,60,29,53,9
U027,D035,0.05229994983574471,0.33592728721449405,0.43103695,0.3821278,1.0,1.0,0.5,0.9,0.519009258339205,Diyaluma Falls,nature;adventure,badulla,5000,5.0,67,26,62,10
U028,D080,0.08792083612318388,0.6096480823494661,0.51916075,0.54335594,1.0,1.0,0.5,0.9,0.6768660154715247,Weligama Bay,beach;adventure,matara,6000,4.0,53,25,47,1
U028,D040,0.08884825724453424,0.6167746441287698,0.4381061,0.39506122,1.0,1.0,0.5,0.9,0.6352282325117946,Arugam Bay,beach;adventure,ampara,8000,5.0,51,30,57,2
U028,D071,0.10795273483013197,0.7635787621726277,0.44350785,0.4049441,0.5,1.0,0.5,0.65,0.6219147339697553,Bentota Beach,beach;adventure,galle,7000,4.0,58,33,49,3
U028,D041,0.07352278085399185,0.4990094220736203,0.5919441,0.6765176,0.5,1.0,0.5,0.65,0.5975590595046114,Pasikuda Beach,beach,batticaloa,7000,4.0,58,35,51,4
U028,D043,0.07443640085453727,0.5060299322030578,0.49673036,0.502318,0.5,1.0,0.5,0.65,0.5481073862322821,Nilaveli Beach,beach,trincomalee,7000,4.0,57,31,48,5
U028,D096,0.07026922984020932,0.4740082313868298,0.4986019,0.5057422,0.5,1.0,0.5,0.65,0.5363259621561725,Wasgamuwa National Park,wildlife;nature,matale,14000,5.0,65,30,57,6
U028,D062,0.03955782043682539,0.23801322177994652,0.66313237,0.80676115,0.5,1.0,0.5,0.65,0.5322336443104283,Adam's Peak,religious;nature,ratnapura,5000,8.0,62,28,65,7
U028,D012,0.061900127958091015,0.40969772537488913,0.5262871,0.556394,0.5,1.0,0.5,0.65,0.5257972933846282,Casuarina Beach,beach,jaffna,4000,3.0,58,43,50,8
U028,D068,0.04587173919252841,0.2865311291751387,0.7525891,0.9704279,0.0,1.0,0.5,0.4,0.525740818855648,Ratnapura Gem Museum Area,culture;heritage,ratnapura,4000,2.5,56,23,62,9
U028,D079,0.06029743859504442,0.3973822146582967,0.52904314,0.5614364,0.5,1.0,0.5,0.65,0.5223838102789071,Mirissa Beach,beach,matara,6000,4.0,56,36,63,10
U029,D048,0.0998492439673193,0.7013092850900144,0.48993212,0.4898803,1.0,1.0,0.5,0.9,0.6974878021183193,Colombo National Museum,heritage;culture,colombo,3000,2.5,58,26,53,1
U029,D033,0.07293559502788262,0.4944973229102909,0.56961584,0.6356667,1.0,1.0,0.5,0.9,0.6584989535304951,Demodara Railway Loop,heritage;nature,badulla,3000,2.0,55,37,54,2
U029,D050,0.07022180867068584,0.4736438339340697,0.46243954,0.43958083,1.0,1.0,0.5,0.9,0.5913317819590573,Gangaramaya Temple,heritage;religious,colombo,3000,2.0,62,33,58,3
U029,D042,0.056679147877171786,0.3695782626641312,0.46032363,0.43570969,1.0,1.0,0.5,0.9,0.5485442165522781,Batticaloa Fort,heritage,batticaloa,3000,2.0,57,39,49,4
U029,D046,0.0686096380152973,0.46125546633071157,0.38076642,0.29015467,1.0,1.0,0.5,0.9,0.5415485862448473,Koneswaram Temple,heritage;religious,trincomalee,3000,2.0,62,40,53,5
U029,D005,0.05624953691769832,0.3662770125920003,0.44240925,0.40293416,1.0,1.0,0.5,0.9,0.5373910586497953,Polonnaruwa Ancient City,heritage,polonnaruwa,5000,4.0,58,32,62,6
U029,D006,0.05256020815930877,0.33792718454134896,0.42223525,0.36602452,1.0,1.0,0.5,0.9,0.5149782384591597,Anuradhapura Sacred City,heritage;religious,anuradhapura,5000,5.0,61,29,52,7
U029,D002,0.05590398957441185,0.36362173072175386,0.4024382,0.32980457,1.0,1.0,0.5,0.9,0.5143900705841231,Dambulla Cave Temple,heritage,matale,5000,2.0,55,41,47,8
U029,D031,0.047788817397982034,0.30126249117714843,0.58238494,0.65902853,0.5,1.0,0.5,0.65,0.5132135584873465,Nine Arches Bridge,heritage;nature,badulla,3000,2.0,66,37,68,9
U029,D010,0.05863875448646711,0.38463642474689796,0.37239206,0.27483323,1.0,1.0,0.5,0.9,0.5063045425283064,Jaffna Fort,heritage,jaffna,3000,2.0,54,30,63,10
U030,D090,0.08440874692167674,0.5826602123379198,0.5031426,0.51404965,1.0,1.0,0.5,0.9,0.6572789886474406,Lunugamvehera National Park,wildlife;nature,monaragala,12000,5.0,71,32,57,1
U030,D096,0.08957985713472337,0.6223964611169069,0.46405035,0.44252792,1.0,1.0,0.5,0.9,0.6517169634293067,Wasgamuwa National Park,wildlife;nature,matale,14000,5.0,65,30,57,2
U030,D064,0.08615523881494941,0.5960807416831413,0.43845776,0.39570466,1.0,1.0,0.5,0.9,0.6271437011756483,Udawalawe National Park,wildlife;nature,ratnapura,15000,5.0,64,25,66,3
U030,D038,0.08039954094384354,0.551852358786579,0.45804805,0.4315463,1.0,1.0,0.5,0.9,0.620204839669989,Gal Oya National Park,wildlife;nature,ampara,15000,6.0,65,36,65,4
U030,D085,0.08619700901633615,0.5964017155254052,0.40737617,0.3388389,1.0,1.0,0.5,0.9,0.6102123622093267,Yala National Park,wildlife;nature,hambantota,16000,6.0,66,34,63,5
U030,D003,0.06746738834791373,0.4524781022675063,0.51001596,0.5266249,1.0,1.0,0.5,0.9,0.6089787163022051,Minneriya National Park,wildlife;nature,polonnaruwa,15000,4.0,70,35,59,6
U030,D004,0.06876784738314073,0.46247119110562196,0.48660308,0.4837896,1.0,1.0,0.5,0.9,0.6001253543366504,Kaudulla National Park,wildlife;nature,polonnaruwa,15000,4.0,64,33,66,7
U030,D058,0.09439527754440526,0.6593994905421485,0.32695067,0.19169536,1.0,1.0,0.5,0.9,0.5912684064058205,Wilpattu Wildlife Area,wildlife;nature,puttalam,16000,5.0,68,30,53,8
U030,D086,0.07139184427301559,0.48263471284768233,0.4350612,0.3894904,1.0,1.0,0.5,0.9,0.5799010053645025,Bundala National Park,wildlife;nature,hambantota,12000,5.0,66,29,57,9
U030,D010,0.05889433343538655,0.38660036445781576,0.75011945,0.9659095,0.0,1.0,0.5,0.4,0.5644130139395594,Jaffna Fort,heritage,jaffna,3000,2.0,54,30,63,10
U031,D051,0.07658893361940255,0.5225705925111301,0.57773244,0.6505165,1.0,1.0,0.5,0.9,0.6741832019283107,Viharamahadevi Park,nature;city,colombo,2000,2.0,58,29,56,1
U031,D066,0.07085509687553093,0.47851019659503824,0.48335493,0.4778469,1.0,1.0,0.5,0.9,0.6047581518048626,Bopath Ella,nature,ratnapura,3000,3.0,57,34,56,2
U031,D053,0.07011645344791563,0.472834255106761,0.7455088,0.957474,0.0,1.0,0.5,0.4,0.5963759059935864,Dutch Hospital Colombo,heritage;city,colombo,5000,2.5,60,30,63,3
U031,D094,0.0808809120796853,0.555551348446589,0.38969868,0.30649683,1.0,1.0,0.5,0.9,0.5841695924873278,Sembuwatta Lake,nature,matale,5000,4.0,64,37,56,4
U031,D098,0.06141731434718668,0.40598765133539716,0.4463619,0.41016576,1.0,1.0,0.5,0.9,0.5554447891065275,Ohiya,nature;adventure,badulla,5000,4.0,63,38,66,5
U031,D052,0.03532537423718646,0.20548992828908022,0.72226024,0.9149393,0.5,1.0,0.5,0.65,0.5516777744944193,Independence Square,heritage;city,colombo,2000,2.0,60,38,49,6
U031,D048,0.050139855329145125,0.3193285203802838,0.76348627,0.9903649,0.0,1.0,0.5,0.4,0.54484089282466,Colombo National Museum,heritage;culture,colombo,3000,2.5,58,26,53,7
U031,D029,0.06131956017851645,0.40523648112137556,0.4049887,0.3344709,1.0,1.0,0.5,0.9,0.5324358677829084,Ella Rock,nature;adventure,badulla,5000,6.0,61,29,59,8
U031,D070,0.047376623081253275,0.29809507543081704,0.47544345,0.46337232,1.0,1.0,0.5,0.9,0.5282497261533525,Brief Garden,nature,kalutara,4000,2.5,59,37,67,9
U031,D054,0.0586182081328356,0.38447854085238287,0.54317904,0.58729887,0.5,1.0,0.5,0.65,0.5249810773669541,Mount Lavinia Beach,beach,colombo,5000,3.0,59,37,62,10
U032,D041,0.10566698483671813,0.7460144236374123,0.5487223,0.5974407,1.0,1.0,0.5,0.9,0.7476379942770093,Pasikuda Beach,beach,batticaloa,7000,4.0,58,35,51,1
U032,D071,0.1039872904826224,0.7331071851572476,0.4706565,0.4546143,1.0,1.0,0.5,0.9,0.6996271674999032,Bentota Beach,beach;adventure,galle,7000,4.0,58,33,49,2
U032,D088,0.0989900494238216,0.6947069953063167,0.49740627,0.5035547,1.0,1.0,0.5,0.9,0.6989492205849901,Tangalle Beach,beach,hambantota,5000,4.0,55,37,61,3
U032,D043,0.10698004005066439,0.7561043050153562,0.44471943,0.4071608,1.0,1.0,0.5,0.9,0.6945899601286057,Nilaveli Beach,beach,trincomalee,7000,4.0,57,31,48,4
U032,D055,0.10795231321610885,0.7635755223732381,0.411783,0.3469015,1.0,1.0,0.5,0.9,0.679500663785187,Negombo Beach,beach,gampaha,5000,3.0,57,32,52,5
U032,D012,0.09450721139976419,0.6602596214115529,0.47768107,0.4674662,1.0,1.0,0.5,0.9,0.674343713152405,Casuarina Beach,beach,jaffna,4000,3.0,58,43,50,6
U032,D079,0.09206027457688484,0.6414566784583969,0.48850554,0.48727027,1.0,1.0,0.5,0.9,0.6727637630495804,Mirissa Beach,beach,matara,6000,4.0,56,36,63,7
U032,D047,0.09686682400261007,0.6783915407762103,0.4407454,0.39989004,1.0,1.0,0.5,0.9,0.6613236299079726,Marble Beach,beach,trincomalee,5000,3.0,52,33,61,8
U032,D054,0.09322952862123014,0.6504415516631334,0.43528357,0.38989726,1.0,1.0,0.5,0.9,0.6471458037526023,Mount Lavinia Beach,beach,colombo,5000,3.0,59,37,62,9
U032,D015,0.06532018441928689,0.43597839021885,0.7061653,0.8854927,0.5,1.0,0.5,0.65,0.6350391846664889,Kandy Lake,nature;city,kandy,2000,2.0,63,25,53,10
U033,D037,0.07891154347460831,0.540418172473772,0.4469815,0.41129938,1.0,1.0,0.5,0.9,0.6095570867638046,Buduruwagala,heritage,monaragala,3000,2.5,62,31,48,1
U033,D010,0.0764621505674673,0.5215963562861996,0.4454432,0.40848497,1.0,1.0,0.5,0.9,0.6011840381437905,Jaffna Fort,heritage,jaffna,3000,2.0,54,30,63,2
U033,D008,0.07632689300041189,0.5205569995306243,0.44381452,0.40550515,1.0,1.0,0.5,0.9,0.5998743524297996,Mihintale,heritage;religious,anuradhapura,3000,3.0,61,37,57,3
U033,D042,0.07390691662832347,0.5019612281780887,0.45718798,0.4299728,1.0,1.0,0.5,0.9,0.599776333541133,Batticaloa Fort,heritage,batticaloa,3000,2.0,57,39,49,4
U033,D007,0.07552332399231247,0.5143821518284111,0.42579317,0.372534,1.0,1.0,0.5,0.9,0.5875130672519219,Ritigala Monastery,heritage;nature,anuradhapura,5000,3.0,60,29,53,5
U033,D005,0.07334672434326608,0.49765655489014604,0.41512254,0.3530114,1.0,1.0,0.5,0.9,0.5749660462786635,Polonnaruwa Ancient City,heritage,polonnaruwa,5000,4.0,58,32,62,6
U033,D045,0.07749544490527062,0.529536477300306,0.3909452,0.30877742,1.0,1.0,0.5,0.9,0.5744478233944494,Fort Frederick,heritage,trincomalee,3000,2.0,57,42,51,7
U033,D074,0.07490819297380054,0.5096553140360947,0.4050225,0.3345327,1.0,1.0,0.5,0.9,0.5742219454439018,Galle Fort,heritage;coastal,galle,5000,4.0,55,34,49,8
U033,D006,0.06853601488179598,0.46068972570091093,0.40131283,0.32774565,1.0,1.0,0.5,0.9,0.5525995856419786,Anuradhapura Sacred City,heritage;religious,anuradhapura,5000,5.0,61,29,52,9
U033,D002,0.0728961470207778,0.494194193454609,0.36079985,0.2536246,1.0,1.0,0.5,0.9,0.5437650553472939,Dambulla Cave Temple,heritage,matale,5000,2.0,55,41,47,10
U034,D096,0.1043414346162359,0.7358285271548288,0.47664702,0.46557435,1.0,1.0,0.5,0.9,0.704003720022164,Wasgamuwa National Park,wildlife;nature,matale,14000,5.0,65,30,57,1
U034,D003,0.07084230900297893,0.4784119310264958,0.44401038,0.4058635,1.0,0.8,0.5,0.84,0.5651238220050007,Minneriya National Park,wildlife;nature,polonnaruwa,15000,4.0,70,35,59,2
U034,D089,0.05718627002966188,0.37347513029650947,0.47829127,0.4685826,1.0,1.0,0.5,0.9,0.5599648352053805,Kalametiya Bird Sanctuary,wildlife;nature,hambantota,5000,4.0,69,36,53,3
U034,D004,0.07220782089065104,0.48890490407168563,0.42284915,0.3671477,1.0,0.8,0.5,0.84,0.5577062787787902,Kaudulla National Park,wildlife;nature,polonnaruwa,15000,4.0,64,33,66,4
U034,D022,0.055908323998937866,0.36365503764506113,0.4639265,0.4423013,1.0,1.0,0.5,0.9,0.5481524149432021,Horton Plains National Park,nature;wildlife,nuwara eliya,7000,6.0,65,27,64,5
U034,D073,0.058374541768551655,0.3826061407542706,0.44061914,0.399659,1.0,1.0,0.5,0.9,0.542940164598484,Kanneliya Forest Reserve,nature;wildlife,galle,7000,5.0,62,38,63,6
U034,D084,0.04814046840908327,0.3039646753280967,0.48605257,0.4827824,1.0,1.0,0.5,0.9,0.5364205971801126,Rekawa Turtle Beach,beach;wildlife,hambantota,5000,4.0,66,35,60,7
U034,D085,0.05060762790476167,0.32292301492224706,0.4902865,0.4905286,1.0,0.8,0.5,0.84,0.5283277989082756,Yala National Park,wildlife;nature,hambantota,16000,6.0,66,34,63,8
U034,D090,0.049557710932984125,0.3148551609665191,0.43872416,0.39619204,1.0,1.0,0.5,0.9,0.5147996790826335,Lunugamvehera National Park,wildlife;nature,monaragala,12000,5.0,71,32,57,9
U034,D057,0.04703593410073839,0.2954771265710454,0.4486176,0.41429272,1.0,1.0,0.5,0.9,0.5124786719809,Kalpitiya Lagoon,marine;nature,puttalam,7000,4.0,72,39,61,10
U035,D060,0.060638467295176954,0.40000277401807427,0.50252426,0.51291835,1.0,1.0,0.5,0.9,0.5838766244721513,Kitulgala,adventure;nature,kegalle,9000,5.0,57,25,58,1
U035,D035,0.0680244365283519,0.45675861538129126,0.3663352,0.2637519,1.0,1.0,0.5,0.9,0.5318290144231999,Diyaluma Falls,nature;adventure,badulla,5000,5.0,67,26,62,2
U035,D093,0.04068643519133215,0.24668581138122173,0.51076186,0.5279896,1.0,1.0,0.5,0.9,0.5270712242526535,Riverston,nature;adventure,matale,6000,5.0,57,34,58,3
U035,D018,0.03728012471916412,0.22051077453922166,0.52334154,0.5510049,1.0,1.0,0.5,0.9,0.5235057817643123,Knuckles Mountain Range,nature;adventure,matale,10000,7.0,63,40,62,4
U035,D092,0.037243756431917345,0.22023131050728953,0.51994514,0.544791,1.0,1.0,0.5,0.9,0.5215298310838667,Meemure,nature;village;adventure,kandy,8000,7.0,63,21,52,5
U035,D023,0.03972283300239621,0.2392812242179216,0.5058487,0.51900065,1.0,1.0,0.5,0.9,0.5214126964437604,World's End,nature;adventure,nuwara eliya,7000,5.0,63,30,58,6
U035,D098,0.04163341609037349,0.2539626759311818,0.49034768,0.49064055,1.0,1.0,0.5,0.9,0.5187772356280194,Ohiya,nature;adventure,badulla,5000,4.0,63,38,66,7
U035,D019,0.038458018377648395,0.22956203694137164,0.48200706,0.47538087,1.0,1.0,0.5,0.9,0.5044390750924438,Hanthana Mountain Range,nature;adventure,kandy,5000,5.0,62,32,68,8
U035,D080,0.04767602629137349,0.3003957729507709,0.5670203,0.6309179,0.5,1.0,0.5,0.65,0.5044336931295881,Weligama Bay,beach;adventure,matara,6000,4.0,53,25,47,9
U035,D091,0.03807540620765294,0.22662193863628247,0.43061626,0.38135812,1.0,1.0,0.5,0.9,0.47505621796464104,Madulsima Mini World's End,nature;adventure,badulla,5000,4.0,65,30,58,10
U036,D074,0.061249129015162454,0.4046952684777605,0.66931206,0.8180672,0.5,1.0,0.5,0.65,0.6022982802016588,Galle Fort,heritage;coastal,galle,5000,4.0,55,34,49,1
U036,D049,0.05732436638456015,0.37453630108723523,0.6897462,0.8554528,0.5,1.0,0.5,0.65,0.601450365142383,Galle Face Green,city;coastal,colombo,2000,2.0,55,27,55,2
U036,D053,0.040392641597636156,0.24442821971370657,0.4861331,0.48292974,1.0,1.0,0.5,0.9,0.5126502117784575,Dutch Hospital Colombo,heritage;city,colombo,5000,2.5,60,30,63,3
U036,D068,0.054002377296609054,0.3490092132083378,0.3887584,0.30477652,0.5,1.0,0.5,0.65,0.42603664412465897,Ratnapura Gem Museum Area,culture;heritage,ratnapura,4000,2.5,56,23,62,4
U036,D048,0.03145948765268706,0.1757833808081453,0.46494752,0.44416937,0.5,1.0,0.5,0.65,0.3985641699797752,Colombo National Museum,heritage;culture,colombo,3000,2.5,58,26,53,5
U036,D071,0.04247811329833326,0.2604535641574125,0.53093857,0.5649042,0.0,1.0,0.5,0.4,0.39365268954846305,Bentota Beach,beach;adventure,galle,7000,4.0,58,33,49,6
U036,D100,0.029649665760595155,0.16187620614217518,0.4620049,0.43878564,0.5,1.0,0.5,0.65,0.3913861781527472,Pekoe Trail - Tea Country Section,nature;adventure;culture,nuwara eliya,7000,6.0,59,39,62,7
U036,D055,0.04615595581508603,0.2887151287334113,0.35139024,0.2364091,0.5,1.0,0.5,0.65,0.381408783846575,Negombo Beach,beach,gampaha,5000,3.0,57,32,52,8
U036,D092,0.021455594990363903,0.09891068786390514,0.47379884,0.46036342,0.5,1.0,0.5,0.65,0.37267330348494804,Meemure,nature;village;adventure,kandy,8000,7.0,63,21,52,9
U036,D073,0.029513344716302015,0.16082867733179,0.5610701,0.6200317,0.0,1.0,0.5,0.4,0.3703409971854626,Kanneliya Forest Reserve,nature;wildlife,galle,7000,5.0,62,38,63,10
U037,D098,0.08738842300840455,0.6055568719303397,0.48626238,0.48316625,1.0,1.0,0.5,0.9,0.6571726319947159,Ohiya,nature;adventure,badulla,5000,4.0,63,38,66,1
U037,D007,0.07257721533249437,0.49174343367827333,0.44759983,0.41243067,1.0,1.0,0.5,0.9,0.5904265800929562,Ritigala Monastery,heritage;nature,anuradhapura,5000,3.0,60,29,53,2
U037,D026,0.061283066628801716,0.4049560545378086,0.50780016,0.52257097,1.0,1.0,0.5,0.9,0.588753724038329,Lover's Leap Waterfall,nature,nuwara eliya,3000,2.5,60,26,63,3
U037,D017,0.0582361048951751,0.3815423533248715,0.5175561,0.54042006,1.0,1.0,0.5,0.9,0.5847429609270022,Udawattakele Forest Reserve,nature,kandy,3000,3.0,72,24,67,4
U037,D035,0.07520551905069273,0.5119400502867474,0.4163751,0.35530302,1.0,1.0,0.5,0.9,0.5813669318607241,Diyaluma Falls,nature;adventure,badulla,5000,5.0,67,26,62,5
U037,D073,0.05831999323985325,0.3821869746917451,0.5665817,0.6301156,1.0,0.5,0.5,0.75,0.5669094902703748,Kanneliya Forest Reserve,nature;wildlife,galle,7000,5.0,62,38,63,6
U037,D099,0.06360935260961445,0.4228318828718143,0.45295125,0.4222214,1.0,1.0,0.5,0.9,0.5657991798073561,Baker's Falls,nature,nuwara eliya,3000,3.0,64,34,58,7
U037,D067,0.06588900892323657,0.44034939587707445,0.4261704,0.37322417,1.0,1.0,0.5,0.9,0.5581070165061757,Bambarakanda Falls,nature,badulla,3000,3.0,62,28,53,8
U037,D036,0.06556737855043288,0.4378778986584768,0.40312576,0.33106253,1.0,1.0,0.5,0.9,0.5444699245672078,Dunhinda Falls,nature,badulla,3000,3.0,57,40,52,9
U037,D019,0.05292902515767628,0.3407612769117021,0.47190768,0.45690343,1.0,1.0,0.5,0.9,0.5433755391164646,Hanthana Mountain Range,nature;adventure,kandy,5000,5.0,62,32,68,10
U038,D040,0.12733304608140222,0.9125024628030508,0.45719984,0.4299945,1.0,1.0,0.5,0.9,0.7639993391985596,Arugam Bay,beach;adventure,ampara,8000,5.0,51,30,57,1
U038,D080,0.08865011495894146,0.6152520637099484,0.528098,0.55970716,1.0,1.0,0.5,0.9,0.6840129808737652,Weligama Bay,beach;adventure,matara,6000,4.0,53,25,47,2
U038,D071,0.09576295598871318,0.6699091120109703,0.45403248,0.4241996,0.5,1.0,0.5,0.65,0.5902235400098859,Bentota Beach,beach;adventure,galle,7000,4.0,58,33,49,3
U038,D063,0.06839472264571969,0.4596039968705523,0.73519444,0.9386033,0.0,1.0,0.5,0.4,0.5854225833406587,Sinharaja Forest Reserve,nature;wildlife,ratnapura,8000,6.0,69,26,67,4
U038,D079,0.07957354272449012,0.5455051587883236,0.5316988,0.56629515,0.5,1.0,0.5,0.65,0.5830906195189001,Mirissa Beach,beach,matara,6000,4.0,56,36,63,5
U038,D068,0.06261479062668648,0.41518939204266125,0.76302814,0.98952675,0.0,1.0,0.5,0.4,0.5829337992956259,Ratnapura Gem Museum Area,culture;heritage,ratnapura,4000,2.5,56,23,62,6
U038,D041,0.061029806892620136,0.4030099363024592,0.5963986,0.68466747,0.5,1.0,0.5,0.65,0.5616042179225111,Pasikuda Beach,beach,batticaloa,7000,4.0,58,35,51,7
U038,D092,0.06756089559773194,0.45319663797615184,0.5389683,0.5795951,0.5,1.0,0.5,0.65,0.5501571908187795,Meemure,nature;village;adventure,kandy,8000,7.0,63,21,52,8
U038,D062,0.03988594153422775,0.24053459553120002,0.6732702,0.8253089,0.5,1.0,0.5,0.65,0.5388065258192916,Adam's Peak,religious;nature,ratnapura,5000,8.0,62,28,65,9
U038,D012,0.062413572270509386,0.41364317424212416,0.52988833,0.5629827,0.5,1.0,0.5,0.65,0.5293520821615638,Casuarina Beach,beach,jaffna,4000,3.0,58,43,50,10
U039,D048,0.09667933158333188,0.6769507968914995,0.4809997,0.47353783,1.0,1.0,0.5,0.9,0.6828416714863972,Colombo National Museum,heritage;culture,colombo,3000,2.5,58,26,53,1
U039,D033,0.070620109835145,0.47670449083516964,0.5614978,0.6208142,1.0,1.0,0.5,0.9,0.6469260605791012,Demodara Railway Loop,heritage;nature,badulla,3000,2.0,55,37,54,2
U039,D050,0.06799247801091582,0.4565130372467847,0.4586661,0.43267706,1.0,1.0,0.5,0.9,0.5824083359886492,Gangaramaya Temple,heritage;religious,colombo,3000,2.0,62,33,58,3
U039,D042,0.054879755857453486,0.3557512340376566,0.44557387,0.40872404,1.0,1.0,0.5,0.9,0.5349177085331993,Batticaloa Fort,heritage,batticaloa,3000,2.0,57,39,49,4
U039,D005,0.054463783750380135,0.35255478869984835,0.43698597,0.3930119,1.0,1.0,0.5,0.9,0.5289254907811097,Polonnaruwa Ancient City,heritage,polonnaruwa,5000,4.0,58,32,62,5
U039,D046,0.06643148891206756,0.4445179629556535,0.3698337,0.2701526,1.0,1.0,0.5,0.9,0.528852969238448,Koneswaram Temple,heritage;religious,trincomalee,3000,2.0,62,40,53,6
U039,D031,0.0462716665607102,0.28960428227783275,0.60117924,0.693414,0.5,1.0,0.5,0.65,0.5188659166884464,Nine Arches Bridge,heritage;nature,badulla,3000,2.0,66,37,68,7
U039,D002,0.054129206493187594,0.3499838040215385,0.39069873,0.30832645,1.0,1.0,0.5,0.9,0.502491458989883,Dambulla Cave Temple,heritage,matale,5000,2.0,55,41,47,8
U039,D006,0.05089158005428595,0.325104982196191,0.40660495,0.33742788,1.0,1.0,0.5,0.9,0.5012703641410268,Anuradhapura Sacred City,heritage;religious,anuradhapura,5000,5.0,61,29,52,9
U039,D010,0.0567771508664228,0.37033134488468367,0.35773522,0.24801764,1.0,1.0,0.5,0.9,0.4925378355908593,Jaffna Fort,heritage,jaffna,3000,2.0,54,30,63,10
U040,D096,0.13871961180209086,1.0,0.46618554,0.4464344,1.0,1.0,0.5,0.9,0.8039303255081177,Wasgamuwa National Park,wildlife;nature,matale,14000,5.0,65,30,57,1
U040,D090,0.08475294728673978,0.5853051436529506,0.5090151,0.52479374,1.0,1.0,0.5,0.9,0.6615601866478105,Lunugamvehera National Park,wildlife;nature,monaragala,12000,5.0,71,32,57,2
U040,D064,0.0994469910576491,0.6982182618798731,0.44607243,0.40963617,1.0,0.8,0.5,0.84,0.6541781571436691,Udawalawe National Park,wildlife;nature,ratnapura,15000,5.0,64,25,66,3
U040,D038,0.08072739264586501,0.5543716624288164,0.45673317,0.42914066,1.0,0.8,0.5,0.84,0.6024908680879435,Gal Oya National Park,wildlife;nature,ampara,15000,6.0,65,36,65,4
U040,D003,0.06774250556675776,0.45459217947742303,0.5202378,0.5453265,1.0,0.8,0.5,0.84,0.5974348131895898,Minneriya National Park,wildlife;nature,polonnaruwa,15000,4.0,70,35,59,5
U040,D085,0.08654850152218148,0.5991026816778924,0.4139685,0.35090002,1.0,0.8,0.5,0.84,0.5969110858843146,Yala National Park,wildlife;nature,hambantota,16000,6.0,66,34,63,6
U040,D004,0.0690482675888315,0.4646260179410411,0.5001144,0.5085094,1.0,0.8,0.5,0.84,0.5904032353691273,Kaudulla National Park,wildlife;nature,polonnaruwa,15000,4.0,64,33,66,7
U040,D086,0.07168296456276586,0.4848717621043277,0.4461954,0.40986112,1.0,1.0,0.5,0.9,0.5869070445924979,Bundala National Park,wildlife;nature,hambantota,12000,5.0,66,29,57,8
U040,D058,0.09478020079200612,0.6623573478101862,0.3350255,0.20646873,1.0,0.8,0.5,0.84,0.5788835607087284,Wilpattu Wildlife Area,wildlife;nature,puttalam,16000,5.0,68,30,53,9
U040,D010,0.05913449161576347,0.3884458066952853,0.76473355,0.99264693,0.0,1.0,0.5,0.4,0.5731724263005507,Jaffna Fort,heritage,jaffna,3000,2.0,54,30,63,10
U041,D051,0.057290579689335604,0.3742766747262509,0.5830935,0.66032493,1.0,1.0,0.5,0.9,0.617808152214147,Viharamahadevi Park,nature;city,colombo,2000,2.0,58,29,56,1
U041,D052,0.035785424823431757,0.20902508491750407,0.7083663,0.88951945,0.5,1.0,0.5,0.65,0.5454658698816135,Independence Square,heritage;city,colombo,2000,2.0,60,38,49,2
U041,D048,0.050792838357252616,0.32434622353963083,0.742413,0.95181,0.0,1.0,0.5,0.4,0.5352815139557998,Colombo National Museum,heritage;culture,colombo,3000,2.5,58,26,53,3
U041,D066,0.050033656168233354,0.31851245649762605,0.4627769,0.4401981,1.0,1.0,0.5,0.9,0.529464422615797,Bopath Ella,nature,ratnapura,3000,3.0,57,34,56,4
U041,D070,0.04799361989143595,0.30283625048514173,0.45579734,0.4274285,1.0,1.0,0.5,0.9,0.5193630602841217,Brief Garden,nature,kalutara,4000,2.5,59,37,67,5
U041,D053,0.050165593982103816,0.3195263033466228,0.7083807,0.8895458,0.0,1.0,0.5,0.4,0.5146742846710161,Dutch Hospital Colombo,heritage;city,colombo,5000,2.5,60,30,63,6
U041,D097,0.04810221946548463,0.30367075980981306,0.440808,0.40000454,1.0,1.0,0.5,0.9,0.5114696721485461,Haputale,nature;city,badulla,4000,3.0,61,28,52,7
U041,D032,0.05059806271347019,0.3228495133326237,0.40705746,0.3382558,1.0,1.0,0.5,0.9,0.5006165491503789,Ravana Falls,nature,badulla,3000,2.0,65,33,59,8
U041,D049,0.03250004171821136,0.18377928758873188,0.6287513,0.7438587,0.5,1.0,0.5,0.65,0.49166932950502096,Galle Face Green,city;coastal,colombo,2000,2.0,55,27,55,9
U041,D021,0.04842483991979421,0.3061498650900083,0.38665235,0.30092338,1.0,1.0,0.5,0.9,0.48273696219887563,Gregory Lake,nature,nuwara eliya,3000,2.5,61,39,53,10
U042,D041,0.09085027171170545,0.6321586799835727,0.53451943,0.5714556,1.0,1.0,0.5,0.9,0.6943001543369121,Pasikuda Beach,beach,batticaloa,7000,4.0,58,35,51,1
U042,D088,0.09731725881234397,0.681852807104115,0.49168605,0.49308917,1.0,1.0,0.5,0.9,0.690667885541727,Tangalle Beach,beach,hambantota,5000,4.0,55,37,61,2
U042,D079,0.09050458727398297,0.6295023446415587,0.48380178,0.47866443,1.0,1.0,0.5,0.9,0.6654002692355603,Mirissa Beach,beach,matara,6000,4.0,56,36,63,3
U042,D012,0.092910174355469,0.6479875446839553,0.46929693,0.4521269,1.0,1.0,0.5,0.9,0.6648330909603207,Casuarina Beach,beach,jaffna,4000,3.0,58,43,50,4
U042,D047,0.09522991287165927,0.6658130604791849,0.4331166,0.3859327,1.0,1.0,0.5,0.9,0.6521050412960137,Marble Beach,beach,trincomalee,5000,3.0,52,33,61,5
U042,D043,0.09197920922368064,0.6408337497429827,0.4382888,0.39539555,1.0,1.0,0.5,0.9,0.644952167022895,Nilaveli Beach,beach,trincomalee,7000,4.0,57,31,48,6
U042,D055,0.09281514943144871,0.6472573467447298,0.41206482,0.3474171,1.0,1.0,0.5,0.9,0.6331280675869758,Negombo Beach,beach,gampaha,5000,3.0,57,32,52,7
U042,D054,0.09165408259309082,0.6383353863073716,0.41816908,0.3585852,1.0,1.0,0.5,0.9,0.632909720099502,Mount Lavinia Beach,beach,colombo,5000,3.0,59,37,62,8
U042,D015,0.06421636649139853,0.4274963463284267,0.69319665,0.8617656,0.5,1.0,0.5,0.65,0.6245282314196305,Kandy Lake,nature;city,kandy,2000,2.0,63,25,53,9
U042,D071,0.07122020782276094,0.4813158106379297,0.45479804,0.42560026,1.0,1.0,0.5,0.9,0.5902064024040138,Bentota Beach,beach;adventure,galle,7000,4.0,58,33,49,10
U043,D007,0.10258597717088337,0.7223391040144242,0.41400433,0.35096553,1.0,1.0,0.5,0.9,0.6642253019999615,Ritigala Monastery,heritage;nature,anuradhapura,5000,3.0,60,29,53,1
U043,D005,0.0996294256037152,0.6996201396604074,0.4229482,0.36732897,1.0,1.0,0.5,0.9,0.6600467548020559,Polonnaruwa Ancient City,heritage,polonnaruwa,5000,4.0,58,32,62,2
U043,D074,0.10175042315542995,0.7159184746218092,0.39799416,0.3216739,1.0,1.0,0.5,0.9,0.6528695672660021,Galle Fort,heritage;coastal,galle,5000,4.0,55,34,49,3
U043,D006,0.09309487038418646,0.6494068003260206,0.39536393,0.31686172,1.0,1.0,0.5,0.9,0.6248212432489042,Anuradhapura Sacred City,heritage;religious,anuradhapura,5000,5.0,61,29,52,4
U043,D037,0.08315845263842198,0.5730526034029931,0.4429262,0.40387997,1.0,1.0,0.5,0.9,0.6203850354350651,Buduruwagala,heritage,monaragala,3000,2.5,62,31,48,5
U043,D002,0.09901739063921593,0.6949170928080268,0.35234243,0.23815116,1.0,1.0,0.5,0.9,0.6194121904523924,Dambulla Cave Temple,heritage,matale,5000,2.0,55,41,47,6
U043,D008,0.08043469988209043,0.552122529844519,0.44593322,0.40938148,1.0,1.0,0.5,0.9,0.613663458625506,Mihintale,heritage;religious,anuradhapura,3000,3.0,61,37,57,7
U043,D010,0.08057723682267871,0.553217823330456,0.44214126,0.40244386,1.0,1.0,0.5,0.9,0.6120202935830331,Jaffna Fort,heritage,jaffna,3000,2.0,54,30,63,8
U043,D042,0.07788448375827117,0.5325259600246384,0.4470262,0.41138116,1.0,1.0,0.5,0.9,0.6064247365460569,Batticaloa Fort,heritage,batticaloa,3000,2.0,57,39,49,9
U043,D045,0.08166614161997762,0.5615852705786185,0.38795775,0.30331168,1.0,1.0,0.5,0.9,0.5856276169280035,Fort Frederick,heritage,trincomalee,3000,2.0,57,42,51,10
U044,D059,0.10845858817883103,0.7674658799638664,0.4334907,0.3866171,1.0,1.0,0.5,0.9,0.6929714847393956,Pinnawala Elephant Orphanage,wildlife;family,kegalle,8000,4.0,62,37,50,1
U044,D063,0.07195070589106597,0.486929160920332,0.4299764,0.38018748,1.0,1.0,0.5,0.9,0.5788279163112442,Sinharaja Forest Reserve,nature;wildlife,ratnapura,8000,6.0,69,26,67,2
U044,D089,0.055858011977922534,0.3632684260855946,0.4895058,0.4891003,1.0,1.0,0.5,0.9,0.5620374655823244,Kalametiya Bird Sanctuary,wildlife;nature,hambantota,5000,4.0,69,36,53,3
U044,D073,0.05701868388377519,0.372187351751766,0.45951194,0.43422464,1.0,1.0,0.5,0.9,0.5491423372699584,Kanneliya Forest Reserve,nature;wildlife,galle,7000,5.0,62,38,63,4
U044,D022,0.054609748633341844,0.3536764234481715,0.47099468,0.455233,1.0,1.0,0.5,0.9,0.5480404716801033,Horton Plains National Park,nature;wildlife,nuwara eliya,7000,6.0,65,27,64,5
U044,D084,0.047022316014361576,0.29537248140862027,0.503351,0.5144309,1.0,1.0,0.5,0.9,0.5424782626878836,Rekawa Turtle Beach,beach;wildlife,hambantota,5000,4.0,66,35,60,6
U044,D055,0.05387195024062269,0.3480069754430105,0.72803175,0.9254987,0.0,1.0,0.5,0.4,0.5368524312141916,Negombo Beach,beach,gampaha,5000,3.0,57,32,52,7
U044,D065,0.06133295738983022,0.4053394290183988,0.4001633,0.3256425,1.0,1.0,0.5,0.9,0.5298285220017038,Udawalawe Elephant Transit Home,wildlife,ratnapura,5000,2.0,65,31,57,8
U044,D057,0.04594343658065217,0.28708207184197665,0.4567059,0.42909077,1.0,1.0,0.5,0.9,0.513560071087369,Kalpitiya Lagoon,marine;nature,puttalam,7000,4.0,72,39,61,9
U044,D043,0.04992625415837736,0.3176871495892114,0.549399,0.5986787,0.5,1.0,0.5,0.65,0.5016784811993245,Nilaveli Beach,beach,trincomalee,7000,4.0,57,31,48,10
U045,D060,0.061025542748600656,0.40297716943410655,0.5089241,0.5246273,1.0,1.0,0.5,0.9,0.5885790780702735,Kitulgala,adventure;nature,kegalle,9000,5.0,57,25,58,1
U045,D035,0.06845865907367008,0.46009530216137096,0.36161137,0.25510928,1.0,1.0,0.5,0.9,0.530570909439244,Diyaluma Falls,nature;adventure,badulla,5000,5.0,67,26,62,2
U045,D018,0.037518096122846206,0.2223394129765032,0.5315554,0.56603277,1.0,1.0,0.5,0.9,0.5287455983595848,Knuckles Mountain Range,nature;adventure,matale,10000,7.0,63,40,62,3
U045,D093,0.04094615020479409,0.24868153376217664,0.507692,0.5223731,1.0,1.0,0.5,0.9,0.52618454950188,Riverston,nature;adventure,matale,6000,5.0,57,34,58,4
U045,D023,0.03997639702341326,0.24122968066255765,0.5035746,0.5148401,1.0,1.0,0.5,0.9,0.5209439130565346,World's End,nature;adventure,nuwara eliya,7000,5.0,63,30,58,5
U045,D092,0.0374814956847568,0.22205816503294343,0.51453066,0.5348848,1.0,1.0,0.5,0.9,0.5192887151079497,Meemure,nature;village;adventure,kandy,8000,7.0,63,21,52,6
U045,D098,0.041899175997072866,0.2560048489526431,0.48378468,0.47863314,1.0,1.0,0.5,0.9,0.5159918832284419,Ohiya,nature;adventure,badulla,5000,4.0,63,38,66,7
U045,D019,0.03870350866731619,0.23144845258930227,0.49820048,0.50500774,1.0,1.0,0.5,0.9,0.514081707166588,Hanthana Mountain Range,nature;adventure,kandy,5000,5.0,62,32,68,8
U045,D080,0.04798035818360854,0.3027343438345864,0.56287265,0.6233295,0.5,1.0,0.5,0.65,0.5030925965817243,Weligama Bay,beach;adventure,matara,6000,4.0,53,25,47,9
U045,D062,0.027787379704504213,0.1475658822516174,0.49249235,0.49456438,1.0,1.0,0.5,0.9,0.4773956800881851,Adam's Peak,religious;nature,ratnapura,5000,8.0,62,28,65,10
U046,D074,0.05941754005485855,0.3906208296070015,0.7002907,0.87474465,0.5,1.0,0.5,0.65,0.6136717279533352,Galle Fort,heritage;coastal,galle,5000,4.0,55,34,49,1
U046,D049,0.044180739308726874,0.2735370158610486,0.7154565,0.90249145,0.5,1.0,0.5,0.65,0.5751622593187389,Galle Face Green,city;coastal,colombo,2000,2.0,55,27,55,2
U046,D053,0.0391847433365943,0.23514639360229075,0.48193818,0.47525486,1.0,1.0,0.5,0.9,0.5066350284120238,Dutch Hospital Colombo,heritage;city,colombo,5000,2.5,60,30,63,3
U046,D068,0.05238749460885446,0.3366000055941589,0.39176488,0.31027707,0.5,1.0,0.5,0.65,0.4227231305707553,Ratnapura Gem Museum Area,culture;heritage,ratnapura,4000,2.5,56,23,62,4
U046,D071,0.04609783096687646,0.28826848123731486,0.54742825,0.5950731,0.0,1.0,0.5,0.4,0.4138293236663432,Bentota Beach,beach;adventure,galle,7000,4.0,58,33,49,5
U046,D048,0.030518725698876842,0.16855430436260874,0.466857,0.44766286,0.5,1.0,0.5,0.65,0.39672058277180744,Colombo National Museum,heritage;culture,colombo,3000,2.5,58,26,53,6
U046,D100,0.028763024573087596,0.15506300871396958,0.45981783,0.43478426,0.5,1.0,0.5,0.65,0.3874604914380109,Pekoe Trail - Tea Country Section,nature;adventure;culture,nuwara eliya,7000,6.0,59,39,62,7
U046,D096,0.05917859569485628,0.38878471470281106,0.41120118,0.34583703,0.0,1.0,0.5,0.4,0.37926500138205144,Wasgamuwa National Park,wildlife;nature,matale,14000,5.0,65,30,57,8
U046,D073,0.028630780062188485,0.15404680511972313,0.5676018,0.63198185,0.0,1.0,0.5,0.4,0.37121328886994126,Kanneliya Forest Reserve,nature;wildlife,galle,7000,5.0,62,38,63,9
U046,D076,0.02792900385968746,0.14865416164068881,0.5677012,0.63216376,0.0,1.0,0.5,0.4,0.3691107995306194,Jungle Beach,beach;nature,galle,5000,4.0,65,36,52,10
U047,D017,0.07964624377344097,0.5460638138640395,0.5065843,0.5203465,1.0,1.0,0.5,0.9,0.6445294941659161,Udawattakele Forest Reserve,nature,kandy,3000,3.0,72,24,67,1
U047,D073,0.05698759296002644,0.3719484404483998,0.5570152,0.61261296,1.0,1.0,0.5,0.9,0.6025632649961934,Kanneliya Forest Reserve,nature;wildlife,galle,7000,5.0,62,38,63,2
U047,D026,0.05988297087109058,0.3941973294186941,0.5057838,0.5188819,1.0,1.0,0.5,0.9,0.5833435098476549,Lover's Leap Waterfall,nature,nuwara eliya,3000,2.5,60,26,63,3
U047,D098,0.06194313594321893,0.4100282106916039,0.49270764,0.49495825,1.0,1.0,0.5,0.9,0.5824987627712858,Ohiya,nature;adventure,badulla,5000,4.0,63,38,66,4
U047,D078,0.08129347907302298,0.5587216279436115,0.36887854,0.26840505,1.0,1.0,0.5,0.9,0.5740101676793481,Rumassala Sanctuary,nature;wildlife,galle,4000,3.0,72,37,58,5
U047,D092,0.055412101247964016,0.35984192404466986,0.50504243,0.51752555,1.0,1.0,0.5,0.9,0.5691944416893249,Meemure,nature;village;adventure,kandy,8000,7.0,63,21,52,6
U047,D099,0.062156109656240174,0.4116647599228783,0.45552975,0.42693892,1.0,1.0,0.5,0.9,0.5627475833133286,Baker's Falls,nature,nuwara eliya,3000,3.0,64,34,58,7
U047,D067,0.06438368409293736,0.42878206130372853,0.44034976,0.3991662,1.0,1.0,0.5,0.9,0.5612626909474825,Bambarakanda Falls,nature,badulla,3000,3.0,62,28,53,8
U047,D036,0.06406940180738334,0.42636702883079935,0.42207178,0.3657255,1.0,1.0,0.5,0.9,0.5502644637339723,Dunhinda Falls,nature,badulla,3000,3.0,57,40,52,9
U047,D007,0.048789736326716626,0.30895383054552017,0.45166165,0.419862,1.0,1.0,0.5,0.9,0.5195401388189695,Ritigala Monastery,heritage;nature,anuradhapura,5000,3.0,60,29,53,10
U048,D080,0.09096088099474206,0.6330086324709359,0.5185033,0.5421531,1.0,1.0,0.5,0.9,0.6858493890006425,Weligama Bay,beach;adventure,matara,6000,4.0,53,25,47,1
U048,D040,0.09192036962077116,0.6403816098730242,0.43274662,0.38525578,1.0,1.0,0.5,0.9,0.6417293805782189,Arugam Bay,beach;adventure,ampara,8000,5.0,51,30,57,2
U048,D071,0.11168542405787336,0.7922617841267838,0.44624165,0.40994576,0.5,1.0,0.5,0.65,0.6348884449801546,Bentota Beach,beach;adventure,galle,7000,4.0,58,33,49,3
U048,D041,0.0760649831661345,0.5185444115362218,0.58786106,0.6690475,0.5,1.0,0.5,0.65,0.6031320100530644,Pasikuda Beach,beach,batticaloa,7000,4.0,58,35,51,4
U048,D043,0.07701019346904377,0.5258076703331632,0.49860248,0.50574327,0.5,1.0,0.5,0.65,0.5570460506590909,Nilaveli Beach,beach,trincomalee,7000,4.0,57,31,48,5
U048,D012,0.0640404529918991,0.4261445780829819,0.52368355,0.5516306,0.5,1.0,0.5,0.65,0.5309470280105366,Casuarina Beach,beach,jaffna,4000,3.0,58,43,50,6
U048,D062,0.04092561394803017,0.24852372745479964,0.65257424,0.78744435,0.5,1.0,0.5,0.65,0.5306427998932435,Adam's Peak,religious;nature,ratnapura,5000,8.0,62,28,65,7
U048,D079,0.06238234732716942,0.4134032330949531,0.52352095,0.5513332,0.5,1.0,0.5,0.65,0.5257612618620962,Mirissa Beach,beach,matara,6000,4.0,56,36,63,8
U048,D088,0.06707813629138396,0.44948698122797104,0.49220634,0.49404112,0.5,1.0,0.5,0.65,0.5230071359455495,Tangalle Beach,beach,hambantota,5000,4.0,55,37,61,9
U048,D076,0.06142062076163435,0.4060130587434094,0.5209322,0.5465969,0.5,1.0,0.5,0.65,0.5213842918958393,Jungle Beach,beach;nature,galle,5000,4.0,65,36,52,10
U049,D048,0.09826432435063126,0.6891303220455761,0.5073715,0.5217867,1.0,1.0,0.5,0.9,0.7021881417061853,Colombo National Museum,heritage;culture,colombo,3000,2.5,58,26,53,1
U049,D033,0.07177787914820766,0.4856011121712348,0.5791933,0.6531892,1.0,1.0,0.5,0.9,0.6601972114738711,Demodara Railway Loop,heritage;nature,badulla,3000,2.0,55,37,54,2
U049,D005,0.07708680478427304,0.5263963729822685,0.4608354,0.43664595,1.0,1.0,0.5,0.9,0.6115523475680371,Polonnaruwa Ancient City,heritage,polonnaruwa,5000,4.0,58,32,62,3
U049,D050,0.06910716906342043,0.46507863325018883,0.48193228,0.47524408,1.0,1.0,0.5,0.9,0.5986046758180428,Gangaramaya Temple,heritage;religious,colombo,3000,2.0,62,33,58,4
U049,D002,0.07661325171956739,0.5227574595547959,0.42011592,0.36214706,1.0,1.0,0.5,0.9,0.587747104217102,Dambulla Cave Temple,heritage,matale,5000,2.0,55,41,47,5
U049,D006,0.07203078865743634,0.4875445391652926,0.44421968,0.40624645,1.0,1.0,0.5,0.9,0.586891753213324,Anuradhapura Sacred City,heritage;religious,anuradhapura,5000,5.0,61,29,52,6
U049,D053,0.05903087807856415,0.38764961146420407,0.48146856,0.47439566,1.0,1.0,0.5,0.9,0.567378555270458,Dutch Hospital Colombo,heritage;city,colombo,5000,2.5,60,30,63,7
U049,D074,0.07872789548841197,0.5390069702818623,0.36864373,0.26797542,1.0,1.0,0.5,0.9,0.5659954170209023,Galle Fort,heritage;coastal,galle,5000,4.0,55,34,49,8
U049,D042,0.055779472629184014,0.3626649078908868,0.47199655,0.45706597,1.0,1.0,0.5,0.9,0.5521857630087259,Batticaloa Fort,heritage,batticaloa,3000,2.0,57,39,49,9
U049,D046,0.06752058859575538,0.4528869077650194,0.40522525,0.33490363,1.0,1.0,0.5,0.9,0.5516258573566868,Koneswaram Temple,heritage;religious,trincomalee,3000,2.0,62,40,53,10
U050,D063,0.07745757160030091,0.5292454482936988,0.55905616,0.6163471,1.0,1.0,0.5,0.9,0.6666023076305441,Sinharaja Forest Reserve,nature;wildlife,ratnapura,8000,6.0,69,26,67,1
U050,D090,0.08780716412053774,0.6087745950729898,0.5216726,0.54795146,1.0,0.5,0.5,0.75,0.632895275994589,Lunugamvehera National Park,wildlife;nature,monaragala,12000,5.0,71,32,57,2
U050,D010,0.06126550375791237,0.4048210965542848,0.767491,0.99769187,0.0,1.0,0.5,0.4,0.5812360233842871,Jaffna Fort,heritage,jaffna,3000,2.0,54,30,63,3
U050,D096,0.09318647064647989,0.6501106822122602,0.47732285,0.4668108,1.0,0.0,0.5,0.6,0.5800875166507351,Wasgamuwa National Park,wildlife;nature,matale,14000,5.0,65,30,57,4
U050,D073,0.04087008163477816,0.2480970017182089,0.5702628,0.63685036,1.0,1.0,0.5,0.9,0.5602939197249117,Kanneliya Forest Reserve,nature;wildlife,galle,7000,5.0,62,38,63,5
U050,D064,0.08962397228201989,0.6227354541755877,0.45547965,0.4268473,1.0,0.0,0.5,0.6,0.557148383273171,Udawalawe National Park,wildlife;nature,ratnapura,15000,5.0,64,25,66,6
U050,D089,0.05685617257852117,0.37093856969357686,0.46723753,0.4483591,1.0,1.0,0.5,0.9,0.5528831584806488,Kalametiya Bird Sanctuary,wildlife;nature,hambantota,5000,4.0,69,36,53,7
U050,D092,0.0584832122714094,0.38344119511563346,0.5929394,0.6783385,0.5,1.0,0.5,0.65,0.5518780452907832,Meemure,nature;village;adventure,kandy,8000,7.0,63,21,52,8
U050,D086,0.07426618230413162,0.5047219255300125,0.44470146,0.4071279,1.0,0.5,0.5,0.75,0.5490271437657579,Bundala National Park,wildlife;nature,hambantota,12000,5.0,66,29,57,9
U050,D059,0.07993967758361106,0.5483186408548986,0.46263152,0.43993208,0.5,1.0,0.5,0.65,0.5463070857393517,Pinnawala Elephant Orphanage,wildlife;family,kegalle,8000,4.0,62,37,50,10
