user_id,tfidf_top10_count,sbert_top10_count,overlap_count,overlap_percentage
U001,10,10,3,30.0
U002,10,10,6,60.0
U003,10,10,0,0.0
U004,10,10,0,0.0
U005,10,10,6,60.0
U006,10,10,2,20.0
U007,10,10,2,20.0
U008,10,10,7,70.0
U009,10,10,0,0.0
U010,10,10,0,0.0
U011,10,10,4,40.0
U012,10,10,6,60.0
U013,10,10,0,0.0
U014,10,10,0,0.0
U015,10,10,5,50.0
U016,10,10,2,20.0
U017,10,10,1,10.0
U018,10,10,5,50.0
U019,10,10,0,0.0
U020,10,10,0,0.0
U021,10,10,3,30.0
U022,10,10,6,60.0
U023,10,10,0,0.0
U024,10,10,0,0.0
U025,10,10,6,60.0
U026,10,10,2,20.0
U027,10,10,2,20.0
U028,10,10,7,70.0
U029,10,10,0,0.0
U030,10,10,0,0.0
U031,10,10,4,40.0
U032,10,10,6,60.0
U033,10,10,0,0.0
U034,10,10,0,0.0
U035,10,10,5,50.0
U036,10,10,2,20.0
U037,10,10,1,10.0
U038,10,10,5,50.0
U039,10,10,0,0.0
U040,10,10,0,0.0
U041,10,10,3,30.0
U042,10,10,6,60.0
U043,10,10,0,0.0
U044,10,10,0,0.0
U045,10,10,6,60.0
U046,10,10,2,20.0
U047,10,10,2,20.0
U048,10,10,7,70.0
U049,10,10,0,0.0
U050,10,10,0,0.0
