user_id,age_group,traveller_type,travel_style,budget_lkr_per_day,trip_duration_days,starting_location,preferred_interests,preferred_crowd,preferred_weather,sustainability_importance,data_status
U001,18-24,solo,budget,5000,1,Colombo,nature;photography,low,cool,0.4,SYNTHETIC_DEMO_PROFILE
U002,25-34,couple,moderate,8000,2,Kandy,beach;relaxation,medium,warm,0.48,SYNTHETIC_DEMO_PROFILE
U003,35-44,friends,budget,11000,3,Gampaha,heritage;history,low,dry,0.56,SYNTHETIC_DEMO_PROFILE
U004,18-24,family,moderate,14000,4,Negombo,wildlife;photography,medium,mixed,0.64,SYNTHETIC_DEMO_PROFILE
U005,25-34,solo,premium,17000,5,Matara,adventure;hiking,high,rain_tolerant,0.72,SYNTHETIC_DEMO_PROFILE
U006,35-44,couple,budget,20000,1,Galle,culture;food,low,cool,0.8,SYNTHETIC_DEMO_PROFILE
U007,18-24,friends,moderate,5000,2,Kurunegala,nature;hiking,medium,warm,0.88,SYNTHETIC_DEMO_PROFILE
U008,25-34,family,budget,8000,3,Ratnapura,beach;adventure,low,dry,0.4,SYNTHETIC_DEMO_PROFILE
U009,35-44,solo,moderate,11000,4,Badulla,heritage;culture,medium,mixed,0.48,SYNTHETIC_DEMO_PROFILE
U010,18-24,couple,premium,14000,5,Jaffna,wildlife;nature,high,rain_tolerant,0.56,SYNTHETIC_DEMO_PROFILE
U011,25-34,friends,budget,17000,1,Colombo,nature;photography,low,cool,0.64,SYNTHETIC_DEMO_PROFILE
U012,35-44,family,moderate,20000,2,Kandy,beach;relaxation,medium,warm,0.72,SYNTHETIC_DEMO_PROFILE
U013,18-24,solo,budget,5000,3,Gampaha,heritage;history,low,dry,0.8,SYNTHETIC_DEMO_PROFILE
U014,25-34,couple,moderate,8000,4,Negombo,wildlife;photography,medium,mixed,0.88,SYNTHETIC_DEMO_PROFILE
U015,35-44,friends,premium,11000,5,Matara,adventure;hiking,high,rain_tolerant,0.4,SYNTHETIC_DEMO_PROFILE
U016,18-24,family,budget,14000,1,Galle,culture;food,low,cool,0.48,SYNTHETIC_DEMO_PROFILE
U017,25-34,solo,moderate,17000,2,Kurunegala,nature;hiking,medium,warm,0.56,SYNTHETIC_DEMO_PROFILE
U018,35-44,couple,budget,20000,3,Ratnapura,beach;adventure,low,dry,0.64,SYNTHETIC_DEMO_PROFILE
U019,18-24,friends,moderate,5000,4,Badulla,heritage;culture,medium,mixed,0.72,SYNTHETIC_DEMO_PROFILE
U020,25-34,family,premium,8000,5,Jaffna,wildlife;nature,high,rain_tolerant,0.8,SYNTHETIC_DEMO_PROFILE
U021,35-44,solo,budget,11000,1,Colombo,nature;photography,low,cool,0.88,SYNTHETIC_DEMO_PROFILE
U022,18-24,couple,moderate,14000,2,Kandy,beach;relaxation,medium,warm,0.4,SYNTHETIC_DEMO_PROFILE
U023,25-34,friends,budget,17000,3,Gampaha,heritage;history,low,dry,0.48,SYNTHETIC_DEMO_PROFILE
U024,35-44,family,moderate,20000,4,Negombo,wildlife;photography,medium,mixed,0.56,SYNTHETIC_DEMO_PROFILE
U025,18-24,solo,premium,5000,5,Matara,adventure;hiking,high,rain_tolerant,0.64,SYNTHETIC_DEMO_PROFILE
U026,25-34,couple,budget,8000,1,Galle,culture;food,low,cool,0.72,SYNTHETIC_DEMO_PROFILE
U027,35-44,friends,moderate,11000,2,Kurunegala,nature;hiking,medium,warm,0.8,SYNTHETIC_DEMO_PROFILE
U028,18-24,family,budget,14000,3,Ratnapura,beach;adventure,low,dry,0.88,SYNTHETIC_DEMO_PROFILE
U029,25-34,solo,moderate,17000,4,Badulla,heritage;culture,medium,mixed,0.4,SYNTHETIC_DEMO_PROFILE
U030,35-44,couple,premium,20000,5,Jaffna,wildlife;nature,high,rain_tolerant,0.48,SYNTHETIC_DEMO_PROFILE
U031,18-24,friends,budget,5000,1,Colombo,nature;photography,low,cool,0.56,SYNTHETIC_DEMO_PROFILE
U032,25-34,family,moderate,8000,2,Kandy,beach;relaxation,medium,warm,0.64,SYNTHETIC_DEMO_PROFILE
U033,35-44,solo,budget,11000,3,Gampaha,heritage;history,low,dry,0.72,SYNTHETIC_DEMO_PROFILE
U034,18-24,couple,moderate,14000,4,Negombo,wildlife;photography,medium,mixed,0.8,SYNTHETIC_DEMO_PROFILE
U035,25-34,friends,premium,17000,5,Matara,adventure;hiking,high,rain_tolerant,0.88,SYNTHETIC_DEMO_PROFILE
U036,35-44,family,budget,20000,1,Galle,culture;food,low,cool,0.4,SYNTHETIC_DEMO_PROFILE
U037,18-24,solo,moderate,5000,2,Kurunegala,nature;hiking,medium,warm,0.48,SYNTHETIC_DEMO_PROFILE
U038,25-34,couple,budget,8000,3,Ratnapura,beach;adventure,low,dry,0.56,SYNTHETIC_DEMO_PROFILE
U039,35-44,friends,moderate,11000,4,Badulla,heritage;culture,medium,mixed,0.64,SYNTHETIC_DEMO_PROFILE
U040,18-24,family,premium,14000,5,Jaffna,wildlife;nature,high,rain_tolerant,0.72,SYNTHETIC_DEMO_PROFILE
U041,25-34,solo,budget,17000,1,Colombo,nature;photography,low,cool,0.8,SYNTHETIC_DEMO_PROFILE
U042,35-44,couple,moderate,20000,2,Kandy,beach;relaxation,medium,warm,0.88,SYNTHETIC_DEMO_PROFILE
U043,18-24,friends,budget,5000,3,Gampaha,heritage;history,low,dry,0.4,SYNTHETIC_DEMO_PROFILE
U044,25-34,family,moderate,8000,4,Negombo,wildlife;photography,medium,mixed,0.48,SYNTHETIC_DEMO_PROFILE
U045,35-44,solo,premium,11000,5,Matara,adventure;hiking,high,rain_tolerant,0.56,SYNTHETIC_DEMO_PROFILE
U046,18-24,couple,budget,14000,1,Galle,culture;food,low,cool,0.64,SYNTHETIC_DEMO_PROFILE
U047,25-34,friends,moderate,17000,2,Kurunegala,nature;hiking,medium,warm,0.72,SYNTHETIC_DEMO_PROFILE
U048,35-44,family,budget,20000,3,Ratnapura,beach;adventure,low,dry,0.8,SYNTHETIC_DEMO_PROFILE
U049,18-24,solo,moderate,5000,4,Badulla,heritage;culture,medium,mixed,0.88,SYNTHETIC_DEMO_PROFILE
U050,25-34,couple,premium,8000,5,Jaffna,wildlife;nature,high,rain_tolerant,0.4,SYNTHETIC_DEMO_PROFILE
