destination_id,name,district,destination_text,estimated_cost_lkr_normalized,duration_hours_normalized,sustainability_score_normalized,crowd_score_normalized,seasonality_score_normalized,sentiment_nature_normalized,sentiment_service_normalized,sentiment_value_normalized,weather_temp_c_normalized,weather_rain_risk_normalized,weather_suitability_normalized,num_interest_tags_normalized,category_adventure,category_beach,category_city,category_coastal,category_culture,category_family,category_heritage,category_marine,category_nature,category_religious,category_village,category_wildlife,interest_adventure,interest_beach,interest_birdwatching,interest_boat_trip,interest_culture,interest_education,interest_family,interest_food,interest_heritage,interest_hiking,interest_history,interest_marine,interest_nature,interest_photography,interest_rafting,interest_relaxation,interest_religious,interest_shopping,interest_snorkeling,interest_surfing,interest_water_sports,interest_wildlife
D001,Sigiriya Rock Fortress,matale,sigiriya rock fortress matale heritage nature heritage history photography hiking,0.7142857142857143,0.16666666666666669,0.2857142857142856,0.8333333333333333,0.5238095238095237,0.2573964497041421,0.5670886075949366,0.2997416020671835,0.1470588235294117,0.7511737089201878,0.24882629107981225,0.0,0,0,0,0,0,0,1,0,1,0,0,0,0,0,0,0,0,0,0,0,1,1,1,0,0,1,0,0,0,0,0,0,0,0
D002,Dambulla Cave Temple,matale,dambulla cave temple matale heritage heritage history culture photography,0.21428571428571427,0.0,0.1904761904761907,0.8333333333333333,0.0,0.3402366863905326,0.7949367088607595,0.9069767441860468,0.7058823529411766,0.37871674491392804,0.621283255086072,0.0,0,0,0,0,0,0,1,0,0,0,0,0,0,0,0,0,1,0,0,0,1,0,1,0,0,1,0,0,0,0,0,0,0,0
D003,Minneriya National Park,polonnaruwa,minneriya national park polonnaruwa wildlife nature wildlife photography nature adventure,0.9285714285714287,0.3333333333333333,0.9047619047619047,0.5833333333333333,0.5714285714285712,0.39349112426035515,0.8,0.37726098191214463,0.0,0.9608763693270735,0.03912363067292646,0.0,0,0,0,0,0,0,0,0,1,0,0,1,1,0,0,0,0,0,0,0,0,0,0,0,1,1,0,0,0,0,0,0,0,1
D004,Kaudulla National Park,polonnaruwa,kaudulla national park polonnaruwa wildlife nature wildlife photography nature adventure,0.9285714285714287,0.3333333333333333,0.6190476190476191,0.5,0.9047619047619047,0.02071005917159785,0.2253164556962024,0.1317829457364339,0.6323529411764701,0.9859154929577465,0.014084507042253502,0.0,0,0,0,0,0,0,0,0,1,0,0,1,1,0,0,0,0,0,0,0,0,0,0,0,1,1,0,0,0,0,0,0,0,1
D005,Polonnaruwa Ancient City,polonnaruwa,polonnaruwa ancient city polonnaruwa heritage heritage history culture photography,0.21428571428571427,0.3333333333333333,0.3333333333333335,0.45833333333333326,0.714285714285714,0.5118343195266275,0.9949367088607592,0.24031007751937983,0.4411764705882355,0.8278560250391237,0.1721439749608764,0.0,0,0,0,0,0,0,1,0,0,0,0,0,0,0,0,0,1,0,0,0,1,0,1,0,0,1,0,0,0,0,0,0,0,0
D006,Anuradhapura Sacred City,anuradhapura,anuradhapura sacred city anuradhapura heritage religious heritage history culture religious photography,0.21428571428571427,0.49999999999999994,0.4761904761904763,0.33333333333333326,0.23809523809523814,0.6301775147928994,0.9999999999999998,0.5219638242894058,0.4558823529411766,0.5492957746478873,0.45070422535211263,0.0,0,0,0,0,0,0,1,0,0,1,0,0,0,0,0,0,1,0,0,0,1,0,1,0,0,1,0,0,1,0,0,0,0,0
D007,Ritigala Monastery,anuradhapura,ritigala monastery anuradhapura heritage nature heritage history nature hiking,0.21428571428571427,0.16666666666666669,0.4285714285714284,0.33333333333333326,0.2857142857142856,0.17159763313609488,0.49113924050632907,0.5943152454780365,0.19117647058823506,0.8763693270735523,0.12363067292644758,0.0,0,0,0,0,0,0,1,0,1,0,0,0,0,0,0,0,0,0,0,0,1,1,1,0,1,0,0,0,0,0,0,0,0,0
D008,Mihintale,anuradhapura,mihintale anuradhapura heritage religious heritage history religious photography,0.07142857142857142,0.16666666666666669,0.4761904761904763,0.6666666666666665,0.47619047619047583,0.10059171597633165,0.1974683544303797,0.1033591731266148,0.4852941176470589,0.2942097026604069,0.7057902973395932,0.0,0,0,0,0,0,0,1,0,0,1,0,0,0,0,0,0,0,0,0,0,1,0,1,0,0,1,0,0,1,0,0,0,0,0
D009,Wilpattu National Park,puttalam,wilpattu national park puttalam wildlife nature wildlife nature photography adventure,1.0000000000000002,0.49999999999999994,0.5714285714285716,0.2916666666666665,1.0,0.1568047337278109,0.5341772151898734,0.5968992248062017,0.5147058823529411,0.2644757433489828,0.7355242566510171,0.0,0,0,0,0,0,0,0,0,1,0,0,1,1,0,0,0,0,0,0,0,0,0,0,0,1,1,0,0,0,0,0,0,0,1
D010,Jaffna Fort,jaffna,jaffna fort jaffna heritage heritage history culture photography,0.07142857142857142,0.0,0.1428571428571428,0.375,0.7619047619047619,0.5532544378698228,0.8177215189873419,0.7855297157622738,0.4558823529411766,0.08450704225352113,0.9154929577464789,0.0,0,0,0,0,0,0,1,0,0,0,0,0,0,0,0,0,1,0,0,0,1,0,1,0,0,1,0,0,0,0,0,0,0,0
D011,Nallur Kandaswamy Kovil,jaffna,nallur kandaswamy kovil jaffna heritage religious religious culture heritage photography,0.07142857142857142,0.0,0.4761904761904763,0.9583333333333333,0.5714285714285712,0.28106508875739666,0.5569620253164558,0.25839793281653756,0.117647058823529,0.5477308294209703,0.4522691705790297,0.0,0,0,0,0,0,0,1,0,0,1,0,0,0,0,0,0,1,0,0,0,1,0,0,0,0,1,0,0,1,0,0,0,0,0
D012,Casuarina Beach,jaffna,casuarina beach jaffna beach beach relaxation photography,0.14285714285714288,0.16666666666666669,0.3333333333333335,0.9166666666666665,0.1428571428571428,0.6656804733727812,0.89873417721519,0.3643410852713176,0.7352941176470589,0.20344287949921752,0.7965571205007825,0.0,0,1,0,0,0,0,0,0,0,0,0,0,0,1,0,0,0,0,0,0,0,0,0,0,0,1,0,1,0,0,0,0,0,0
D013,Delft Island,jaffna,delft island jaffna nature heritage nature heritage photography adventure,0.5714285714285714,0.6666666666666667,0.4285714285714284,0.625,0.38095238095238093,0.9970414201183433,0.5012658227848101,0.9147286821705429,0.07352941176470607,0.8575899843505478,0.14241001564945233,0.0,0,0,0,0,0,0,1,0,1,0,0,0,1,0,0,0,0,0,0,0,1,0,0,0,1,1,0,0,0,0,0,0,0,0
D014,Kandy Temple of the Tooth,kandy,kandy temple of the tooth kandy heritage religious religious heritage history culture,0.14285714285714288,0.0,0.23809523809523814,0.5833333333333333,0.5714285714285712,0.109467455621302,0.6151898734177215,0.39534883720930214,0.6617647058823533,0.6134585289514867,0.38654147104851333,0.0,0,0,0,0,0,0,1,0,0,1,0,0,0,0,0,0,1,0,0,0,1,0,1,0,0,0,0,0,1,0,0,0,0,0
D015,Kandy Lake,kandy,kandy lake kandy nature city nature photography relaxation culture,0.0,0.0,0.5714285714285716,0.16666666666666652,0.2857142857142856,0.8284023668639058,0.2253164556962024,0.9922480620155039,0.75,0.4694835680751174,0.5305164319248826,0.0,0,0,1,0,0,0,0,0,1,0,0,0,0,0,0,0,1,0,0,0,0,0,0,0,1,1,0,1,0,0,0,0,0,0
D016,Royal Botanical Gardens Peradeniya,kandy,royal botanical gardens peradeniya kandy nature nature photography relaxation family,0.10714285714285712,0.3333333333333333,0.7619047619047619,0.625,0.38095238095238093,0.5857988165680477,0.6405063291139241,0.7545219638242893,0.10294117647058831,0.38497652582159625,0.6150234741784039,0.0,0,0,0,0,0,0,0,0,1,0,0,0,0,0,0,0,0,0,1,0,0,0,0,0,1,1,0,1,0,0,0,0,0,0
D017,Udawattakele Forest Reserve,kandy,udawattakele forest reserve kandy nature nature hiking photography wildlife,0.07142857142857142,0.16666666666666669,1.0,0.125,0.9523809523809521,0.9822485207100595,0.8632911392405063,0.49095607235142125,0.2941176470588238,0.4569640062597809,0.543035993740219,0.0,0,0,0,0,0,0,0,0,1,0,0,0,0,0,0,0,0,0,0,0,0,1,0,0,1,1,0,0,0,0,0,0,0,1
D018,Knuckles Mountain Range,matale,knuckles mountain range matale nature adventure hiking nature adventure photography,0.5714285714285714,0.8333333333333333,0.5714285714285716,0.7916666666666665,0.714285714285714,0.4644970414201184,0.7367088607594934,0.2506459948320414,0.7647058823529411,0.7386541471048513,0.26134585289514867,0.0,1,0,0,0,0,0,0,0,1,0,0,0,1,0,0,0,0,0,0,0,0,1,0,0,1,1,0,0,0,0,0,0,0,0
D019,Hanthana Mountain Range,kandy,hanthana mountain range kandy nature adventure hiking nature adventure photography,0.21428571428571427,0.49999999999999994,0.5238095238095237,0.45833333333333326,1.0,0.47633136094674566,0.5949367088607596,0.03100775193798433,0.47058823529411775,0.3317683881064163,0.6682316118935837,0.0,1,0,0,0,0,0,0,0,1,0,0,0,1,0,0,0,0,0,0,0,0,1,0,0,1,1,0,0,0,0,0,0,0,0
D020,Nuwara Eliya City,nuwara eliya,nuwara eliya city nuwara eliya city nature nature photography relaxation food,0.21428571428571427,0.16666666666666669,0.7619047619047619,0.5416666666666665,0.47619047619047583,0.36094674556213024,0.9063291139240508,0.9018087855297159,0.3088235294117645,0.7230046948356808,0.27699530516431925,0.0,0,0,1,0,0,0,0,0,1,0,0,0,0,0,0,0,0,0,0,1,0,0,0,0,1,1,0,1,0,0,0,0,0,0
D021,Gregory Lake,nuwara eliya,gregory lake nuwara eliya nature nature photography relaxation family,0.07142857142857142,0.08333333333333331,0.4761904761904763,0.75,0.2857142857142856,0.9437869822485212,0.6632911392405065,0.056847545219637974,0.014705882352941124,0.6463223787167449,0.3536776212832551,0.0,0,0,0,0,0,0,0,0,1,0,0,0,0,0,0,0,0,0,1,0,0,0,0,0,1,1,0,1,0,0,0,0,0,0
D022,Horton Plains National Park,nuwara eliya,horton plains national park nuwara eliya nature wildlife hiking nature wildlife photography,0.3571428571428571,0.6666666666666667,0.6666666666666665,0.25,0.8095238095238093,0.5177514792899409,0.19240506329113916,0.9715762273901811,0.33823529411764675,0.5743348982785602,0.4256651017214398,0.0,0,0,0,0,0,0,0,0,1,0,0,1,0,0,0,0,0,0,0,0,0,1,0,0,1,1,0,0,0,0,0,0,0,1
D023,World's End,nuwara eliya,world's end nuwara eliya nature adventure hiking adventure nature photography,0.3571428571428571,0.49999999999999994,0.5714285714285716,0.375,0.5238095238095237,0.6952662721893492,0.46329113924050613,0.7829457364341086,0.7058823529411766,0.8372456964006261,0.16275430359937404,0.0,1,0,0,0,0,0,0,0,1,0,0,0,1,0,0,0,0,0,0,0,0,1,0,0,1,1,0,0,0,0,0,0,0,0
D024,Hakgala Botanical Garden,nuwara eliya,hakgala botanical garden nuwara eliya nature nature photography relaxation,0.10714285714285712,0.16666666666666669,0.5238095238095237,0.4166666666666665,0.47619047619047583,0.0,0.5341772151898734,0.6511627906976747,0.1470588235294117,0.07824726134585289,0.921752738654147,0.0,0,0,0,0,0,0,0,0,1,0,0,0,0,0,0,0,0,0,0,0,0,0,0,0,1,1,0,1,0,0,0,0,0,0
D025,Ambewela Farm,nuwara eliya,ambewela farm nuwara eliya nature family family nature photography,0.14285714285714288,0.16666666666666669,0.3333333333333335,0.25,0.6666666666666665,0.2396449704142014,0.05822784810126547,0.9612403100775198,0.6764705882352944,0.017214397496087636,0.9827856025039122,0.0,0,0,0,0,0,1,0,0,1,0,0,0,0,0,0,0,0,0,1,0,0,0,0,0,1,1,0,0,0,0,0,0,0,0
D026,Lover's Leap Waterfall,nuwara eliya,lover's leap waterfall nuwara eliya nature nature hiking photography,0.07142857142857142,0.08333333333333331,0.4285714285714284,0.20833333333333326,0.7619047619047619,0.08284023668639073,0.8683544303797468,0.6330749354005172,0.4411764705882355,0.8435054773082943,0.15649452269170583,0.0,0,0,0,0,0,0,0,0,1,0,0,0,0,0,0,0,0,0,0,0,0,1,0,0,1,1,0,0,0,0,0,0,0,0
D027,Ramboda Falls,nuwara eliya,ramboda falls nuwara eliya nature nature photography relaxation,0.07142857142857142,0.0,0.6666666666666665,0.375,0.5238095238095237,0.8579881656804738,0.8860759493670887,0.18087855297157618,0.4117647058823528,0.9436619718309859,0.05633802816901412,0.0,0,0,0,0,0,0,0,0,1,0,0,0,0,0,0,0,0,0,0,0,0,0,0,0,1,1,0,1,0,0,0,0,0,0
D028,Pidurutalagala View Area,nuwara eliya,pidurutalagala view area nuwara eliya nature nature photography,0.07142857142857142,0.0,0.4285714285714284,0.6666666666666665,1.0,0.2751479289940828,0.827848101265823,0.6950904392764858,0.3970588235294117,0.6181533646322379,0.3818466353677621,0.0,0,0,0,0,0,0,0,0,1,0,0,0,0,0,0,0,0,0,0,0,0,0,0,0,1,1,0,0,0,0,0,0,0,0
D029,Ella Rock,badulla,ella rock badulla nature adventure hiking adventure nature photography,0.21428571428571427,0.6666666666666667,0.4761904761904763,0.33333333333333326,0.5714285714285712,0.9378698224852073,0.7797468354430379,0.8449612403100777,0.75,0.9436619718309859,0.05633802816901412,0.0,1,0,0,0,0,0,0,0,1,0,0,0,1,0,0,0,0,0,0,0,0,1,0,0,1,1,0,0,0,0,0,0,0,0
D030,Little Adam's Peak,badulla,little adam's peak badulla nature adventure hiking adventure nature photography,0.07142857142857142,0.16666666666666669,0.5714285714285716,0.75,0.8095238095238093,0.9881656804733729,0.010126582278480845,1.0,0.42647058823529393,0.38810641627543035,0.6118935837245697,0.0,1,0,0,0,0,0,0,0,1,0,0,0,1,0,0,0,0,0,0,0,0,1,0,0,1,1,0,0,0,0,0,0,0,0
D031,Nine Arches Bridge,badulla,nine arches bridge badulla heritage nature photography heritage nature,0.07142857142857142,0.0,0.7142857142857144,0.6666666666666665,1.0,0.5621301775147931,0.15696202531645542,0.27390180878552983,0.9852941176470589,0.04381846635367762,0.9561815336463223,0.0,0,0,0,0,0,0,1,0,1,0,0,0,0,0,0,0,0,0,0,0,1,0,0,0,1,1,0,0,0,0,0,0,0,0
D032,Ravana Falls,badulla,ravana falls badulla nature nature photography relaxation,0.07142857142857142,0.0,0.6666666666666665,0.5,0.5714285714285712,0.42307692307692313,0.24556962025316453,0.1989664082687339,0.882352941176471,0.15649452269170577,0.8435054773082943,0.0,0,0,0,0,0,0,0,0,1,0,0,0,0,0,0,0,0,0,0,0,0,0,0,0,1,1,0,1,0,0,0,0,0,0
D033,Demodara Railway Loop,badulla,demodara railway loop badulla heritage nature heritage photography culture,0.07142857142857142,0.0,0.1904761904761907,0.6666666666666665,0.33333333333333304,0.31360946745562157,0.0,0.3643410852713176,0.3088235294117645,0.7949921752738655,0.20500782472613455,0.0,0,0,0,0,0,0,1,0,1,0,0,0,0,0,0,0,1,0,0,0,1,0,0,0,0,1,0,0,0,0,0,0,0,0
D034,Lipton's Seat,badulla,lipton's seat badulla nature nature photography hiking,0.14285714285714288,0.3333333333333333,0.7619047619047619,0.6666666666666665,0.8095238095238093,0.9940828402366864,0.6886075949367088,0.3746770025839792,0.9852941176470589,0.7449139280125195,0.25508607198748046,0.0,0,0,0,0,0,0,0,0,1,0,0,0,0,0,0,0,0,0,0,0,0,1,0,0,1,1,0,0,0,0,0,0,0,0
D035,Diyaluma Falls,badulla,diyaluma falls badulla nature adventure adventure nature hiking photography,0.21428571428571427,0.49999999999999994,0.7619047619047619,0.20833333333333326,0.714285714285714,0.6420118343195267,0.05822784810126547,0.8294573643410854,0.17647058823529393,0.25508607198748046,0.7449139280125195,0.0,1,0,0,0,0,0,0,0,1,0,0,0,1,0,0,0,0,0,0,0,0,1,0,0,1,1,0,0,0,0,0,0,0,0
D036,Dunhinda Falls,badulla,dunhinda falls badulla nature nature hiking photography,0.07142857142857142,0.16666666666666669,0.2857142857142856,0.7916666666666665,0.23809523809523814,1.0000000000000002,0.7594936708860758,0.9612403100775198,0.117647058823529,0.7386541471048513,0.26134585289514867,0.0,0,0,0,0,0,0,0,0,1,0,0,0,0,0,0,0,0,0,0,0,0,1,0,0,1,1,0,0,0,0,0,0,0,0
D037,Buduruwagala,monaragala,buduruwagala monaragala heritage heritage history photography,0.07142857142857142,0.08333333333333331,0.5238095238095237,0.4166666666666665,0.04761904761904745,0.24556213017751483,0.2683544303797467,0.5116279069767442,0.47058823529411775,0.4225352112676057,0.5774647887323944,0.0,0,0,0,0,0,0,1,0,0,0,0,0,0,0,0,0,0,0,0,0,1,0,1,0,0,1,0,0,0,0,0,0,0,0
D038,Gal Oya National Park,ampara,gal oya national park ampara wildlife nature wildlife nature adventure photography,0.9285714285714287,0.6666666666666667,0.6666666666666665,0.625,0.8571428571428568,0.0,0.5291139240506328,0.7700258397932815,0.32352941176470607,0.5790297339593115,0.42097026604068855,0.0,0,0,0,0,0,0,0,0,1,0,0,1,1,0,0,0,0,0,0,0,0,0,0,0,1,1,0,0,0,0,0,0,0,1
D039,Kumana National Park,ampara,kumana national park ampara wildlife nature wildlife birdwatching nature photography,0.9285714285714287,0.6666666666666667,0.8571428571428572,0.7083333333333333,0.8571428571428568,0.5088757396449706,0.1291139240506327,0.0,0.4558823529411766,0.23474178403755866,0.7652582159624414,0.0,0,0,0,0,0,0,0,0,1,0,0,1,0,0,1,0,0,0,0,0,0,0,0,0,1,1,0,0,0,0,0,0,0,1
D040,Arugam Bay,ampara,arugam bay ampara beach adventure beach surfing adventure relaxation,0.4285714285714286,0.49999999999999994,0.0,0.375,0.47619047619047583,0.4615384615384619,0.16962025316455676,0.4366925064599483,0.13235294117647056,0.39280125195618154,0.6071987480438185,0.0,1,1,0,0,0,0,0,0,0,0,0,0,1,1,0,0,0,0,0,0,0,0,0,0,0,0,0,1,0,0,0,1,0,0
D041,Pasikuda Beach,batticaloa,pasikuda beach batticaloa beach beach relaxation family photography,0.3571428571428571,0.3333333333333333,0.3333333333333335,0.5833333333333333,0.19047619047619024,0.44082840236686427,0.37468354430379724,0.5090439276485788,0.4558823529411766,0.38341158059467917,0.6165884194053207,0.0,0,1,0,0,0,0,0,0,0,0,0,0,0,1,0,0,0,0,1,0,0,0,0,0,0,1,0,1,0,0,0,0,0,0
D042,Batticaloa Fort,batticaloa,batticaloa fort batticaloa heritage heritage history culture photography,0.07142857142857142,0.0,0.2857142857142856,0.75,0.0952380952380949,0.9792899408284026,0.5924050632911393,0.14470284237726094,0.5,0.9045383411580594,0.09546165884194047,0.0,0,0,0,0,0,0,1,0,0,0,0,0,0,0,0,0,1,0,0,0,1,0,1,0,0,1,0,0,0,0,0,0,0,0
D043,Nilaveli Beach,trincomalee,nilaveli beach trincomalee beach beach relaxation photography family,0.3571428571428571,0.3333333333333333,0.2857142857142856,0.4166666666666665,0.04761904761904745,0.32544378698224885,0.6987341772151898,0.13953488372093004,0.19117647058823506,0.945226917057903,0.05477308294209704,0.0,0,1,0,0,0,0,0,0,0,0,0,0,0,1,0,0,0,0,1,0,0,0,0,0,0,1,0,1,0,0,0,0,0,0
D044,Pigeon Island National Park,trincomalee,pigeon island national park trincomalee marine nature snorkeling beach nature wildlife,0.5714285714285714,0.49999999999999994,0.9047619047619047,0.5,0.8571428571428568,0.2573964497041421,0.0481012658227844,0.612403100775194,0.7205882352941178,0.9874804381846636,0.012519561815336422,0.0,0,0,0,0,0,0,0,1,1,0,0,0,0,1,0,0,0,0,0,0,0,0,0,0,1,0,0,0,0,0,1,0,0,1
D045,Fort Frederick,trincomalee,fort frederick trincomalee heritage heritage history culture photography,0.07142857142857142,0.0,0.2857142857142856,0.875,0.19047619047619024,0.42603550295858006,0.8708860759493671,0.11111111111111094,0.8529411764705879,0.7449139280125195,0.25508607198748046,0.0,0,0,0,0,0,0,1,0,0,0,0,0,0,0,0,0,1,0,0,0,1,0,1,0,0,1,0,0,0,0,0,0,0,0
D046,Koneswaram Temple,trincomalee,koneswaram temple trincomalee heritage religious religious heritage culture photography,0.07142857142857142,0.0,0.5238095238095237,0.7916666666666665,0.2857142857142856,0.8136094674556216,0.8860759493670887,0.5736434108527133,0.6470588235294121,0.35211267605633806,0.6478873239436619,0.0,0,0,0,0,0,0,1,0,0,1,0,0,0,0,0,0,1,0,0,0,1,0,0,0,0,1,0,0,1,0,0,0,0,0
D047,Marble Beach,trincomalee,marble beach trincomalee beach beach relaxation photography,0.21428571428571427,0.16666666666666669,0.047619047619047894,0.5,0.6666666666666665,0.9319526627218939,0.5367088607594936,0.3281653746770028,0.7058823529411766,0.3990610328638498,0.6009389671361501,0.0,0,1,0,0,0,0,0,0,0,0,0,0,0,1,0,0,0,0,0,0,0,0,0,0,0,1,0,1,0,0,0,0,0,0
D048,Colombo National Museum,colombo,colombo national museum colombo heritage culture history heritage culture education,0.07142857142857142,0.08333333333333331,0.3333333333333335,0.20833333333333326,0.2857142857142856,0.9792899408284026,0.2911392405063291,0.5012919896640826,0.9852941176470589,0.8763693270735523,0.12363067292644758,0.0,0,0,0,0,1,0,1,0,0,0,0,0,0,0,0,0,1,1,0,0,1,0,1,0,0,0,0,0,0,0,0,0,0,0
D049,Galle Face Green,colombo,galle face green colombo city coastal relaxation food photography family,0.0,0.0,0.1904761904761907,0.25,0.38095238095238093,0.48816568047337294,0.8430379746835441,0.18604651162790686,1.0,0.8513302034428796,0.14866979655712054,0.0,0,0,1,1,0,0,0,0,0,0,0,0,0,0,0,0,0,0,1,1,0,0,0,0,0,1,0,1,0,0,0,0,0,0
D050,Gangaramaya Temple,colombo,gangaramaya temple colombo heritage religious religious heritage culture photography,0.07142857142857142,0.0,0.5238095238095237,0.5,0.5238095238095237,0.7426035502958583,0.5924050632911393,0.16020671834625322,0.32352941176470607,0.323943661971831,0.6760563380281691,0.0,0,0,0,0,0,0,1,0,0,1,0,0,0,0,0,0,1,0,0,0,1,0,0,0,0,1,0,0,1,0,0,0,0,0
D051,Viharamahadevi Park,colombo,viharamahadevi park colombo nature city nature family relaxation photography,0.0,0.0,0.3333333333333335,0.33333333333333326,0.4285714285714284,0.04142011834319548,0.6227848101265823,0.7441860465116279,0.6323529411764701,0.3020344287949922,0.6979655712050078,0.0,0,0,1,0,0,0,0,0,1,0,0,0,0,0,0,0,0,0,1,0,0,0,0,0,1,1,0,1,0,0,0,0,0,0
D052,Independence Square,colombo,independence square colombo heritage city heritage photography relaxation,0.0,0.0,0.4285714285714284,0.7083333333333333,0.0952380952380949,0.06804733727810675,0.11645569620253138,0.11886304909560708,0.04411764705882337,0.39593114241001565,0.6040688575899843,0.0,0,0,1,0,0,0,1,0,0,0,0,0,0,0,0,0,0,0,0,0,1,0,0,0,0,1,0,1,0,0,0,0,0,0
D053,Dutch Hospital Colombo,colombo,dutch hospital colombo colombo heritage city food culture heritage shopping,0.21428571428571427,0.08333333333333331,0.4285714285714284,0.375,0.7619047619047619,0.6893491124260358,0.0708860759493668,0.7881136950904395,0.02941176470588225,0.5054773082942097,0.49452269170579044,0.0,0,0,1,0,0,0,1,0,0,0,0,0,0,0,0,0,1,0,0,1,1,0,0,0,0,0,0,0,0,1,0,0,0,0
D054,Mount Lavinia Beach,colombo,mount lavinia beach colombo beach beach relaxation food photography,0.21428571428571427,0.16666666666666669,0.38095238095238093,0.6666666666666665,0.714285714285714,0.2071005917159765,0.8936708860759495,0.8578811369509047,0.23529411764705843,0.5133020344287951,0.48669796557120504,0.0,0,1,0,0,0,0,0,0,0,0,0,0,0,1,0,0,0,0,0,1,0,0,0,0,0,1,0,1,0,0,0,0,0,0
D055,Negombo Beach,gampaha,negombo beach gampaha beach beach relaxation food family,0.21428571428571427,0.16666666666666669,0.2857142857142856,0.45833333333333326,0.23809523809523814,0.5769230769230773,0.11898734177215164,0.5917312661498708,0.22058823529411775,0.38967136150234744,0.6103286384976526,0.0,0,1,0,0,0,0,0,0,0,0,0,0,0,1,0,0,0,0,1,1,0,0,0,0,0,0,0,1,0,0,0,0,0,0
D056,Muthurajawela Wetland,gampaha,muthurajawela wetland gampaha nature wildlife nature wildlife birdwatching photography,0.21428571428571427,0.3333333333333333,0.5238095238095237,0.33333333333333326,0.6190476190476186,0.050295857988165826,0.21265822784810107,0.8113695090439279,0.13235294117647056,0.998435054773083,0.0015649452269170805,0.0,0,0,0,0,0,0,0,0,1,0,0,1,0,0,1,0,0,0,0,0,0,0,0,0,1,1,0,0,0,0,0,0,0,1
D057,Kalpitiya Lagoon,puttalam,kalpitiya lagoon puttalam marine nature nature wildlife photography adventure,0.3571428571428571,0.3333333333333333,1.0,0.75,0.6666666666666665,0.319526627218935,0.9164556962025319,0.018087855297157285,0.8235294117647056,0.0,0.9999999999999999,0.0,0,0,0,0,0,0,0,1,1,0,0,0,1,0,0,0,0,0,0,0,0,0,0,0,1,1,0,0,0,0,0,0,0,1
D058,Wilpattu Wildlife Area,puttalam,wilpattu wildlife area puttalam wildlife nature wildlife nature photography adventure,1.0000000000000002,0.49999999999999994,0.8095238095238098,0.375,0.2857142857142856,0.41124260355029585,0.3999999999999999,0.33850129198966394,0.5588235294117645,0.6666666666666666,0.33333333333333326,0.0,0,0,0,0,0,0,0,0,1,0,0,1,1,0,0,0,0,0,0,0,0,0,0,0,1,1,0,0,0,0,0,0,0,1
D059,Pinnawala Elephant Orphanage,kegalle,pinnawala elephant orphanage kegalle wildlife family wildlife family photography,0.4285714285714286,0.3333333333333333,0.5238095238095237,0.6666666666666665,0.1428571428571428,0.21301775147929036,0.6075949367088607,0.4108527131782944,0.5147058823529411,0.3317683881064163,0.6682316118935837,0.0,0,0,0,0,0,1,0,0,0,0,0,1,0,0,0,0,0,0,1,0,0,0,0,0,0,1,0,0,0,0,0,0,0,1
D060,Kitulgala,kegalle,kitulgala kegalle adventure nature adventure nature rafting hiking,0.5,0.49999999999999994,0.2857142857142856,0.16666666666666652,0.5238095238095237,0.7840236686390536,0.6556962025316457,0.33333333333333326,0.4852941176470589,0.809076682316119,0.19092331768388104,0.0,1,0,0,0,0,0,0,0,1,0,0,0,1,0,0,0,0,0,0,0,0,1,0,0,1,0,1,0,0,0,0,0,0,0
D061,Belilena Cave,kegalle,belilena cave kegalle heritage nature history heritage nature adventure,0.07142857142857142,0.16666666666666669,0.4761904761904763,0.375,1.0,0.08284023668639073,0.05063291139240467,0.5633074935400519,0.8529411764705879,0.5179968701095462,0.4820031298904538,0.0,0,0,0,0,0,0,1,0,1,0,0,0,1,0,0,0,0,0,0,0,1,0,1,0,1,0,0,0,0,0,0,0,0,0
D062,Adam's Peak,ratnapura,adam's peak ratnapura religious nature hiking religious nature adventure,0.21428571428571427,1.0,0.5238095238095237,0.2916666666666665,0.8571428571428568,0.7662721893491125,0.3569620253164554,0.7286821705426356,0.5,0.5758998435054773,0.4241001564945227,0.0,0,0,0,0,0,0,0,0,1,1,0,0,1,0,0,0,0,0,0,0,0,1,0,0,1,0,0,0,1,0,0,0,0,0
D063,Sinharaja Forest Reserve,ratnapura,sinharaja forest reserve ratnapura nature wildlife nature wildlife hiking photography,0.4285714285714286,0.6666666666666667,0.8571428571428572,0.20833333333333326,0.9523809523809521,0.6627218934911243,0.09113924050632893,0.2713178294573644,0.7794117647058822,0.4021909233176839,0.5978090766823162,0.0,0,0,0,0,0,0,0,0,1,0,0,1,0,0,0,0,0,0,0,0,0,1,0,0,1,1,0,0,0,0,0,0,0,1
D064,Udawalawe National Park,ratnapura,udawalawe national park ratnapura wildlife nature wildlife nature photography family,0.9285714285714287,0.49999999999999994,0.6190476190476191,0.16666666666666652,0.9047619047619047,0.5887573964497046,0.5139240506329112,0.37726098191214463,0.8529411764705879,0.3755868544600939,0.6244131455399061,0.0,0,0,0,0,0,0,0,0,1,0,0,1,0,0,0,0,0,0,1,0,0,0,0,0,1,1,0,0,0,0,0,0,0,1
D065,Udawalawe Elephant Transit Home,ratnapura,udawalawe elephant transit home ratnapura wildlife wildlife family photography,0.21428571428571427,0.0,0.6666666666666665,0.4166666666666665,0.47619047619047583,0.9467455621301781,0.20759493670886053,0.25322997416020665,0.3529411764705883,0.3630672926447574,0.6369327073552425,0.0,0,0,0,0,0,0,0,0,0,0,0,1,0,0,0,0,0,0,1,0,0,0,0,0,0,1,0,0,0,0,0,0,0,1
D066,Bopath Ella,ratnapura,bopath ella ratnapura nature nature photography relaxation,0.07142857142857142,0.16666666666666669,0.2857142857142856,0.5416666666666665,0.4285714285714284,0.8579881656804738,0.5924050632911393,0.7881136950904395,0.6764705882352944,0.9499217527386541,0.05007824726134591,0.0,0,0,0,0,0,0,0,0,1,0,0,0,0,0,0,0,0,0,0,0,0,0,0,0,1,1,0,1,0,0,0,0,0,0
D067,Bambarakanda Falls,badulla,bambarakanda falls badulla nature nature hiking photography,0.07142857142857142,0.16666666666666669,0.5238095238095237,0.2916666666666665,0.2857142857142856,0.8106508875739646,0.5164556962025315,0.3540051679586562,0.13235294117647056,1.0,0.0,0.0,0,0,0,0,0,0,0,0,1,0,0,0,0,0,0,0,0,0,0,0,0,1,0,0,1,1,0,0,0,0,0,0,0,0
D068,Ratnapura Gem Museum Area,ratnapura,ratnapura gem museum area ratnapura culture heritage culture education shopping history,0.14285714285714288,0.08333333333333331,0.23809523809523814,0.08333333333333326,0.714285714285714,0.21301775147929036,0.4151898734177213,0.43410852713178283,0.8382352941176476,0.1283255086071987,0.8716744913928013,0.0,0,0,0,0,1,0,1,0,0,0,0,0,0,0,0,0,1,1,0,0,0,0,1,0,0,0,0,0,0,1,0,0,0,0
D069,Kalutara Bodhiya,kalutara,kalutara bodhiya kalutara religious heritage religious culture heritage photography,0.07142857142857142,0.0,0.1904761904761907,0.9166666666666665,0.7619047619047619,0.109467455621302,0.9063291139240508,0.8552971576227391,0.3529411764705883,0.2378716744913928,0.7621283255086072,0.0,0,0,0,0,0,0,1,0,0,1,0,0,0,0,0,0,1,0,0,0,1,0,0,0,0,1,0,0,1,0,0,0,0,0
D070,Brief Garden,kalutara,brief garden kalutara nature nature photography relaxation,0.14285714285714288,0.08333333333333331,0.38095238095238093,0.6666666666666665,0.9523809523809521,0.7130177514792899,0.12405063291139218,0.025839793281653423,0.3970588235294117,0.08137715179968702,0.9186228482003128,0.0,0,0,0,0,0,0,0,0,1,0,0,0,0,0,0,0,0,0,0,0,0,0,0,0,1,1,0,1,0,0,0,0,0,0
D071,Bentota Beach,galle,bentota beach galle beach adventure beach water_sports relaxation family,0.3571428571428571,0.3333333333333333,0.3333333333333335,0.5,0.0952380952380949,0.12130177514792928,0.24556962025316453,0.32041343669250666,0.19117647058823506,0.5571205007824725,0.44287949921752745,0.0,1,1,0,0,0,0,0,0,0,0,0,0,0,1,0,0,0,0,1,0,0,0,0,0,0,0,0,1,0,0,0,0,1,0
D072,Madu River,galle,madu river galle nature marine nature wildlife boat_trip photography,0.3571428571428571,0.3333333333333333,0.8095238095238098,0.625,0.4285714285714284,0.04142011834319548,0.5544303797468355,0.34366925064599463,0.8529411764705879,0.7464788732394366,0.2535211267605634,0.0,0,0,0,0,0,0,0,1,1,0,0,0,0,0,0,1,0,0,0,0,0,0,0,0,1,1,0,0,0,0,0,0,0,1
D073,Kanneliya Forest Reserve,galle,kanneliya forest reserve galle nature wildlife nature hiking wildlife photography,0.3571428571428571,0.49999999999999994,0.5238095238095237,0.7083333333333333,0.7619047619047619,0.538461538461539,0.7443037974683542,0.4263565891472867,0.07352941176470607,0.5461658841940532,0.4538341158059468,0.0,0,0,0,0,0,0,0,0,1,0,0,1,0,0,0,0,0,0,0,0,0,1,0,0,1,1,0,0,0,0,0,0,0,1
D074,Galle Fort,galle,galle fort galle heritage coastal heritage history culture photography,0.21428571428571427,0.3333333333333333,0.1904761904761907,0.5416666666666665,0.0952380952380949,0.9201183431952666,0.045569620253164134,0.20930232558139528,0.8088235294117654,0.5868544600938967,0.41314553990610325,0.0,0,0,0,1,0,0,1,0,0,0,0,0,0,0,0,0,1,0,0,0,1,0,1,0,0,1,0,0,0,0,0,0,0,0
D075,Unawatuna Beach,galle,unawatuna beach galle beach beach snorkeling relaxation photography,0.2857142857142857,0.3333333333333333,0.3333333333333335,0.9583333333333333,0.33333333333333304,0.6360946745562133,0.8911392405063292,0.7751937984496124,0.7794117647058822,0.9702660406885759,0.029733959311424085,0.0,0,1,0,0,0,0,0,0,0,0,0,0,0,1,0,0,0,0,0,0,0,0,0,0,0,1,0,1,0,0,1,0,0,0
D076,Jungle Beach,galle,jungle beach galle beach nature beach nature snorkeling photography,0.21428571428571427,0.3333333333333333,0.6666666666666665,0.625,0.23809523809523814,0.5266272189349117,0.6000000000000001,0.873385012919897,0.6764705882352944,0.16431924882629106,0.8356807511737089,0.0,0,1,0,0,0,0,0,0,1,0,0,0,0,1,0,0,0,0,0,0,0,0,0,0,1,1,0,0,0,0,1,0,0,0
D077,Hikkaduwa National Park,galle,hikkaduwa national park galle marine nature snorkeling marine wildlife beach,0.3571428571428571,0.3333333333333333,0.5714285714285716,0.25,0.0,0.3639053254437872,0.6708860759493669,0.9509043927648584,0.8970588235294121,0.7214397496087637,0.27856025039123633,0.0,0,0,0,0,0,0,0,1,1,0,0,0,0,1,0,0,0,0,0,0,0,0,0,1,0,0,0,0,0,0,1,0,0,1
D078,Rumassala Sanctuary,galle,rumassala sanctuary galle nature wildlife nature hiking photography wildlife,0.14285714285714288,0.16666666666666669,1.0,0.6666666666666665,0.5238095238095237,0.8017751479289943,0.49367088607594933,0.4702842377260983,0.4411764705882355,0.7824726134585289,0.21752738654147108,0.0,0,0,0,0,0,0,0,0,1,0,0,1,0,0,0,0,0,0,0,0,0,1,0,0,1,1,0,0,0,0,0,0,0,1
D079,Mirissa Beach,matara,mirissa beach matara beach beach relaxation photography food,0.2857142857142857,0.3333333333333333,0.23809523809523814,0.625,0.7619047619047619,0.10059171597633165,0.6632911392405065,0.46770025839793283,0.014705882352941124,0.4647887323943662,0.5352112676056336,0.0,0,1,0,0,0,0,0,0,0,0,0,0,0,1,0,0,0,0,0,1,0,0,0,0,0,1,0,1,0,0,0,0,0,0
D080,Weligama Bay,matara,weligama bay matara beach adventure beach surfing adventure relaxation,0.2857142857142857,0.3333333333333333,0.09523809523809534,0.16666666666666652,0.0,0.6331360946745563,0.6025316455696204,0.10852713178294549,0.8529411764705879,0.0704225352112676,0.9295774647887324,0.0,1,1,0,0,0,0,0,0,0,0,0,0,1,1,0,0,0,0,0,0,0,0,0,0,0,0,0,1,0,0,0,1,0,0
D081,Polhena Beach,matara,polhena beach matara beach marine beach snorkeling relaxation photography,0.21428571428571427,0.16666666666666669,0.2857142857142856,1.0,0.38095238095238093,0.4497041420118346,0.8,0.3359173126614985,0.07352941176470607,0.004694835680751174,0.9953051643192489,0.0,0,1,0,0,0,0,0,1,0,0,0,0,0,1,0,0,0,0,0,0,0,0,0,0,0,1,0,1,0,0,1,0,0,0
D082,Dondra Head,matara,dondra head matara coastal heritage photography heritage relaxation,0.07142857142857142,0.0,0.4285714285714284,0.875,0.714285714285714,0.109467455621302,0.38227848101265804,0.3359173126614985,0.0588235294117645,0.8794992175273865,0.12050078247261342,0.0,0,0,0,1,0,0,1,0,0,0,0,0,0,0,0,0,0,0,0,0,1,0,0,0,0,1,0,1,0,0,0,0,0,0
D083,Hummanaya Blow Hole,matara,hummanaya blow hole matara nature coastal nature photography adventure,0.07142857142857142,0.0,0.3333333333333335,0.5416666666666665,0.9523809523809521,0.5147928994082844,0.6430379746835444,0.6537467700258399,0.2647058823529411,0.2644757433489828,0.7355242566510171,0.0,0,0,0,1,0,0,0,0,1,0,0,0,1,0,0,0,0,0,0,0,0,0,0,0,1,1,0,0,0,0,0,0,0,0
D084,Rekawa Turtle Beach,hambantota,rekawa turtle beach hambantota beach wildlife wildlife beach nature photography,0.21428571428571427,0.3333333333333333,0.7142857142857144,0.5833333333333333,0.6190476190476186,0.8816568047337283,0.9392405063291143,0.6873385012919897,0.22058823529411775,0.7057902973395931,0.2942097026604069,0.0,0,1,0,0,0,0,0,0,0,0,0,1,0,1,0,0,0,0,0,0,0,0,0,0,1,1,0,0,0,0,0,0,0,1
D085,Yala National Park,hambantota,yala national park hambantota wildlife nature wildlife nature photography adventure,1.0000000000000002,0.6666666666666667,0.7142857142857144,0.5416666666666665,0.7619047619047619,0.7218934911242607,0.3924050632911391,0.4651162790697674,0.36764705882352944,0.9827856025039123,0.017214397496087663,0.0,0,0,0,0,0,0,0,0,1,0,0,1,1,0,0,0,0,0,0,0,0,0,0,0,1,1,0,0,0,0,0,0,0,1
D086,Bundala National Park,hambantota,bundala national park hambantota wildlife nature birdwatching wildlife nature photography,0.7142857142857143,0.49999999999999994,0.7142857142857144,0.33333333333333326,0.47619047619047583,0.7869822485207105,0.5848101265822785,0.34366925064599463,0.5441176470588234,0.3615023474178404,0.6384976525821596,0.0,0,0,0,0,0,0,0,0,1,0,0,1,0,0,1,0,0,0,0,0,0,0,0,0,1,1,0,0,0,0,0,0,0,1
D087,Kirinda Temple,hambantota,kirinda temple hambantota heritage coastal heritage religious photography,0.07142857142857142,0.0,0.09523809523809534,0.4166666666666665,0.6666666666666665,0.7011834319526631,0.7341772151898731,0.42894056847545214,0.882352941176471,0.0297339593114241,0.9702660406885758,0.0,0,0,0,1,0,0,1,0,0,0,0,0,0,0,0,0,0,0,0,0,1,0,0,0,0,1,0,0,1,0,0,0,0,0
D088,Tangalle Beach,hambantota,tangalle beach hambantota beach beach relaxation photography,0.21428571428571427,0.3333333333333333,0.1904761904761907,0.6666666666666665,0.6666666666666665,0.5236686390532548,0.28101265822784804,0.0697674418604648,0.6911764705882355,0.08920187793427228,0.9107981220657276,0.0,0,1,0,0,0,0,0,0,0,0,0,0,0,1,0,0,0,0,0,0,0,0,0,0,0,1,0,1,0,0,0,0,0,0
D089,Kalametiya Bird Sanctuary,hambantota,kalametiya bird sanctuary hambantota wildlife nature birdwatching nature wildlife photography,0.21428571428571427,0.3333333333333333,0.8571428571428572,0.625,0.2857142857142856,0.24556213017751483,0.691139240506329,0.29715762273901825,0.33823529411764675,0.8435054773082943,0.15649452269170583,0.0,0,0,0,0,0,0,0,0,1,0,0,1,0,0,1,0,0,0,0,0,0,0,0,0,1,1,0,0,0,0,0,0,0,1
D090,Lunugamvehera National Park,monaragala,lunugamvehera national park monaragala wildlife nature wildlife nature photography,0.7142857142857143,0.49999999999999994,0.9523809523809526,0.45833333333333326,0.47619047619047583,0.19822485207100615,0.08354430379746813,0.8527131782945738,0.25,0.3098591549295775,0.6901408450704226,0.0,0,0,0,0,0,0,0,0,1,0,0,1,0,0,0,0,0,0,0,0,0,0,0,0,1,1,0,0,0,0,0,0,0,1
D091,Madulsima Mini World's End,badulla,madulsima mini world's end badulla nature adventure hiking nature photography adventure,0.21428571428571427,0.3333333333333333,0.6666666666666665,0.375,0.5238095238095237,0.16863905325443818,0.6556962025316457,0.2558139534883721,0.17647058823529393,0.9264475743348982,0.07355242566510178,0.0,1,0,0,0,0,0,0,0,1,0,0,0,1,0,0,0,0,0,0,0,0,1,0,0,1,1,0,0,0,0,0,0,0,0
D092,Meemure,kandy,meemure kandy nature village adventure nature hiking adventure culture,0.4285714285714286,0.8333333333333333,0.5714285714285716,0.0,0.23809523809523814,0.21893491124260378,0.6531645569620255,0.33333333333333326,0.7794117647058822,0.7809076682316118,0.21909233176838816,0.0,1,0,0,0,0,0,0,0,1,0,1,0,1,0,0,0,1,0,0,0,0,1,0,0,1,0,0,0,0,0,0,0,0,0
D093,Riverston,matale,riverston matale nature adventure hiking nature photography adventure,0.2857142857142857,0.49999999999999994,0.2857142857142856,0.5416666666666665,0.5238095238095237,0.399408284023669,0.0708860759493668,0.7984496124031009,0.10294117647058831,0.4616588419405321,0.5383411580594678,0.0,1,0,0,0,0,0,0,0,1,0,0,0,1,0,0,0,0,0,0,0,0,1,0,0,1,1,0,0,0,0,0,0,0,0
D094,Sembuwatta Lake,matale,sembuwatta lake matale nature nature relaxation family photography,0.21428571428571427,0.3333333333333333,0.6190476190476191,0.6666666666666665,0.4285714285714284,0.819526627218935,0.47088607594936693,0.42894056847545214,0.1470588235294117,0.2629107981220657,0.7370892018779341,0.0,0,0,0,0,0,0,0,0,1,0,0,0,0,0,0,0,0,0,1,0,0,0,0,0,1,1,0,1,0,0,0,0,0,0
D095,Aluvihare Rock Temple,matale,aluvihare rock temple matale heritage religious heritage history religious culture,0.07142857142857142,0.0,0.09523809523809534,0.45833333333333326,0.1428571428571428,0.56508875739645,0.6607594936708863,0.9819121447028425,0.6470588235294121,0.3145539906103286,0.6854460093896714,0.0,0,0,0,0,0,0,1,0,0,1,0,0,0,0,0,0,1,0,0,0,1,0,1,0,0,0,0,0,1,0,0,0,0,0
D096,Wasgamuwa National Park,matale,wasgamuwa national park matale wildlife nature wildlife nature photography adventure,0.8571428571428571,0.49999999999999994,0.6666666666666665,0.375,0.47619047619047583,0.3461538461538465,0.7493670886075947,0.6046511627906979,0.3529411764705883,0.6134585289514867,0.38654147104851333,0.0,0,0,0,0,0,0,0,0,1,0,0,1,1,0,0,0,0,0,0,0,0,0,0,0,1,1,0,0,0,0,0,0,0,1
D097,Haputale,badulla,haputale badulla nature city nature photography hiking relaxation,0.14285714285714288,0.16666666666666669,0.4761904761904763,0.2916666666666665,0.23809523809523814,0.8579881656804738,0.7392405063291136,0.8242894056847545,0.1470588235294117,0.25039123630672927,0.7496087636932706,0.0,0,0,1,0,0,0,0,0,1,0,0,0,0,0,0,0,0,0,0,0,0,1,0,0,1,1,0,1,0,0,0,0,0,0
D098,Ohiya,badulla,ohiya badulla nature adventure nature hiking photography adventure,0.21428571428571427,0.3333333333333333,0.5714285714285716,0.7083333333333333,0.9047619047619047,0.2396449704142014,0.0481012658227844,0.702842377260982,0.5588235294117645,0.2676056338028169,0.7323943661971831,0.0,1,0,0,0,0,0,0,0,1,0,0,0,1,0,0,0,0,0,0,0,0,1,0,0,1,1,0,0,0,0,0,0,0,0
D099,Baker's Falls,nuwara eliya,baker's falls nuwara eliya nature nature hiking photography,0.07142857142857142,0.16666666666666669,0.6190476190476191,0.5416666666666665,0.5238095238095237,0.6715976331360947,0.5417721518987342,0.6718346253229974,0.9411764705882355,0.8450704225352114,0.15492957746478875,0.0,0,0,0,0,0,0,0,0,1,0,0,0,0,0,0,0,0,0,0,0,0,1,0,0,1,1,0,0,0,0,0,0,0,0
D100,Pekoe Trail - Tea Country Section,nuwara eliya,pekoe trail - tea country section nuwara eliya nature adventure culture hiking nature culture photography,0.3571428571428571,0.6666666666666667,0.38095238095238093,0.75,0.714285714285714,0.13609467455621327,0.3215189873417721,0.9173126614987082,0.4411764705882355,0.04694835680751174,0.9530516431924881,0.0,1,0,0,0,1,0,0,0,1,0,0,0,0,0,0,0,1,0,0,0,0,1,0,0,1,1,0,0,0,0,0,0,0,0
