user_id,user_preference_text
U001,nature photography budget solo low cool colombo
U002,beach relaxation moderate couple medium warm kandy
U003,heritage history budget friends low dry gampaha
U004,wildlife photography moderate family medium mixed negombo
U005,adventure hiking premium solo high rain_tolerant matara
U006,culture food budget couple low cool galle
U007,nature hiking moderate friends medium warm kurunegala
U008,beach adventure budget family low dry ratnapura
U009,heritage culture moderate solo medium mixed badulla
U010,wildlife nature premium couple high rain_tolerant jaffna
U011,nature photography budget friends low cool colombo
U012,beach relaxation moderate family medium warm kandy
U013,heritage history budget solo low dry gampaha
U014,wildlife photography moderate couple medium mixed negombo
U015,adventure hiking premium friends high rain_tolerant matara
U016,culture food budget family low cool galle
U017,nature hiking moderate solo medium warm kurunegala
U018,beach adventure budget couple low dry ratnapura
U019,heritage culture moderate friends medium mixed badulla
U020,wildlife nature premium family high rain_tolerant jaffna
U021,nature photography budget solo low cool colombo
U022,beach relaxation moderate couple medium warm kandy
U023,heritage history budget friends low dry gampaha
U024,wildlife photography moderate family medium mixed negombo
U025,adventure hiking premium solo high rain_tolerant matara
U026,culture food budget couple low cool galle
U027,nature hiking moderate friends medium warm kurunegala
U028,beach adventure budget family low dry ratnapura
U029,heritage culture moderate solo medium mixed badulla
U030,wildlife nature premium couple high rain_tolerant jaffna
U031,nature photography budget friends low cool colombo
U032,beach relaxation moderate family medium warm kandy
U033,heritage history budget solo low dry gampaha
U034,wildlife photography moderate couple medium mixed negombo
U035,adventure hiking premium friends high rain_tolerant matara
U036,culture food budget family low cool galle
U037,nature hiking moderate solo medium warm kurunegala
U038,beach adventure budget couple low dry ratnapura
U039,heritage culture moderate friends medium mixed badulla
U040,wildlife nature premium family high rain_tolerant jaffna
U041,nature photography budget solo low cool colombo
U042,beach relaxation moderate couple medium warm kandy
U043,heritage history budget friends low dry gampaha
U044,wildlife photography moderate family medium mixed negombo
U045,adventure hiking premium solo high rain_tolerant matara
U046,culture food budget couple low cool galle
U047,nature hiking moderate friends medium warm kurunegala
U048,beach adventure budget family low dry ratnapura
U049,heritage culture moderate solo medium mixed badulla
U050,wildlife nature premium couple high rain_tolerant jaffna
