user_id,age_group,traveller_type,travel_style,starting_location,preferred_interests,preferred_crowd,preferred_weather,user_preference_text,budget_lkr_per_day_normalized,trip_duration_days_normalized,sustainability_importance_normalized,num_preferred_interests_normalized
U001,18-24,solo,budget,colombo,nature;photography,low,cool,nature photography budget solo low cool colombo,0.0,0.0,0.0,0.0
U002,25-34,couple,moderate,kandy,beach;relaxation,medium,warm,beach relaxation moderate couple medium warm kandy,0.19999999999999996,0.25,0.16666666666666652,0.0
U003,35-44,friends,budget,gampaha,heritage;history,low,dry,heritage history budget friends low dry gampaha,0.4,0.5,0.3333333333333335,0.0
U004,18-24,family,moderate,negombo,wildlife;photography,medium,mixed,wildlife photography moderate family medium mixed negombo,0.6,0.75,0.5,0.0
U005,25-34,solo,premium,matara,adventure;hiking,high,rain_tolerant,adventure hiking premium solo high rain_tolerant matara,0.7999999999999999,1.0,0.6666666666666665,0.0
U006,35-44,couple,budget,galle,culture;food,low,cool,culture food budget couple low cool galle,1.0,0.0,0.8333333333333335,0.0
U007,18-24,friends,moderate,kurunegala,nature;hiking,medium,warm,nature hiking moderate friends medium warm kurunegala,0.0,0.25,1.0,0.0
U008,25-34,family,budget,ratnapura,beach;adventure,low,dry,beach adventure budget family low dry ratnapura,0.19999999999999996,0.5,0.0,0.0
U009,35-44,solo,moderate,badulla,heritage;culture,medium,mixed,heritage culture moderate solo medium mixed badulla,0.4,0.75,0.16666666666666652,0.0
U010,18-24,couple,premium,jaffna,wildlife;nature,high,rain_tolerant,wildlife nature premium couple high rain_tolerant jaffna,0.6,1.0,0.3333333333333335,0.0
U011,25-34,friends,budget,colombo,nature;photography,low,cool,nature photography budget friends low cool colombo,0.7999999999999999,0.0,0.5,0.0
U012,35-44,family,moderate,kandy,beach;relaxation,medium,warm,beach relaxation moderate family medium warm kandy,1.0,0.25,0.6666666666666665,0.0
U013,18-24,solo,budget,gampaha,heritage;history,low,dry,heritage history budget solo low dry gampaha,0.0,0.5,0.8333333333333335,0.0
U014,25-34,couple,moderate,negombo,wildlife;photography,medium,mixed,wildlife photography moderate couple medium mixed negombo,0.19999999999999996,0.75,1.0,0.0
U015,35-44,friends,premium,matara,adventure;hiking,high,rain_tolerant,adventure hiking premium friends high rain_tolerant matara,0.4,1.0,0.0,0.0
U016,18-24,family,budget,galle,culture;food,low,cool,culture food budget family low cool galle,0.6,0.0,0.16666666666666652,0.0
U017,25-34,solo,moderate,kurunegala,nature;hiking,medium,warm,nature hiking moderate solo medium warm kurunegala,0.7999999999999999,0.25,0.3333333333333335,0.0
U018,35-44,couple,budget,ratnapura,beach;adventure,low,dry,beach adventure budget couple low dry ratnapura,1.0,0.5,0.5,0.0
U019,18-24,friends,moderate,badulla,heritage;culture,medium,mixed,heritage culture moderate friends medium mixed badulla,0.0,0.75,0.6666666666666665,0.0
U020,25-34,family,premium,jaffna,wildlife;nature,high,rain_tolerant,wildlife nature premium family high rain_tolerant jaffna,0.19999999999999996,1.0,0.8333333333333335,0.0
U021,35-44,solo,budget,colombo,nature;photography,low,cool,nature photography budget solo low cool colombo,0.4,0.0,1.0,0.0
U022,18-24,couple,moderate,kandy,beach;relaxation,medium,warm,beach relaxation moderate couple medium warm kandy,0.6,0.25,0.0,0.0
U023,25-34,friends,budget,gampaha,heritage;history,low,dry,heritage history budget friends low dry gampaha,0.7999999999999999,0.5,0.16666666666666652,0.0
U024,35-44,family,moderate,negombo,wildlife;photography,medium,mixed,wildlife photography moderate family medium mixed negombo,1.0,0.75,0.3333333333333335,0.0
U025,18-24,solo,premium,matara,adventure;hiking,high,rain_tolerant,adventure hiking premium solo high rain_tolerant matara,0.0,1.0,0.5,0.0
U026,25-34,couple,budget,galle,culture;food,low,cool,culture food budget couple low cool galle,0.19999999999999996,0.0,0.6666666666666665,0.0
U027,35-44,friends,moderate,kurunegala,nature;hiking,medium,warm,nature hiking moderate friends medium warm kurunegala,0.4,0.25,0.8333333333333335,0.0
U028,18-24,family,budget,ratnapura,beach;adventure,low,dry,beach adventure budget family low dry ratnapura,0.6,0.5,1.0,0.0
U029,25-34,solo,moderate,badulla,heritage;culture,medium,mixed,heritage culture moderate solo medium mixed badulla,0.7999999999999999,0.75,0.0,0.0
U030,35-44,couple,premium,jaffna,wildlife;nature,high,rain_tolerant,wildlife nature premium couple high rain_tolerant jaffna,1.0,1.0,0.16666666666666652,0.0
U031,18-24,friends,budget,colombo,nature;photography,low,cool,nature photography budget friends low cool colombo,0.0,0.0,0.3333333333333335,0.0
U032,25-34,family,moderate,kandy,beach;relaxation,medium,warm,beach relaxation moderate family medium warm kandy,0.19999999999999996,0.25,0.5,0.0
U033,35-44,solo,budget,gampaha,heritage;history,low,dry,heritage history budget solo low dry gampaha,0.4,0.5,0.6666666666666665,0.0
U034,18-24,couple,moderate,negombo,wildlife;photography,medium,mixed,wildlife photography moderate couple medium mixed negombo,0.6,0.75,0.8333333333333335,0.0
U035,25-34,friends,premium,matara,adventure;hiking,high,rain_tolerant,adventure hiking premium friends high rain_tolerant matara,0.7999999999999999,1.0,1.0,0.0
U036,35-44,family,budget,galle,culture;food,low,cool,culture food budget family low cool galle,1.0,0.0,0.0,0.0
U037,18-24,solo,moderate,kurunegala,nature;hiking,medium,warm,nature hiking moderate solo medium warm kurunegala,0.0,0.25,0.16666666666666652,0.0
U038,25-34,couple,budget,ratnapura,beach;adventure,low,dry,beach adventure budget couple low dry ratnapura,0.19999999999999996,0.5,0.3333333333333335,0.0
U039,35-44,friends,moderate,badulla,heritage;culture,medium,mixed,heritage culture moderate friends medium mixed badulla,0.4,0.75,0.5,0.0
U040,18-24,family,premium,jaffna,wildlife;nature,high,rain_tolerant,wildlife nature premium family high rain_tolerant jaffna,0.6,1.0,0.6666666666666665,0.0
U041,25-34,solo,budget,colombo,nature;photography,low,cool,nature photography budget solo low cool colombo,0.7999999999999999,0.0,0.8333333333333335,0.0
U042,35-44,couple,moderate,kandy,beach;relaxation,medium,warm,beach relaxation moderate couple medium warm kandy,1.0,0.25,1.0,0.0
U043,18-24,friends,budget,gampaha,heritage;history,low,dry,heritage history budget friends low dry gampaha,0.0,0.5,0.0,0.0
U044,25-34,family,moderate,negombo,wildlife;photography,medium,mixed,wildlife photography moderate family medium mixed negombo,0.19999999999999996,0.75,0.16666666666666652,0.0
U045,35-44,solo,premium,matara,adventure;hiking,high,rain_tolerant,adventure hiking premium solo high rain_tolerant matara,0.4,1.0,0.3333333333333335,0.0
U046,18-24,couple,budget,galle,culture;food,low,cool,culture food budget couple low cool galle,0.6,0.0,0.5,0.0
U047,25-34,friends,moderate,kurunegala,nature;hiking,medium,warm,nature hiking moderate friends medium warm kurunegala,0.7999999999999999,0.25,0.6666666666666665,0.0
U048,35-44,family,budget,ratnapura,beach;adventure,low,dry,beach adventure budget family low dry ratnapura,1.0,0.5,0.8333333333333335,0.0
U049,18-24,solo,moderate,badulla,heritage;culture,medium,mixed,heritage culture moderate solo medium mixed badulla,0.0,0.75,1.0,0.0
U050,25-34,couple,premium,jaffna,wildlife;nature,high,rain_tolerant,wildlife nature premium couple high rain_tolerant jaffna,0.19999999999999996,1.0,0.0,0.0
